e69de29bb2d1d6434b8b29ae775ad8c2e48c5391,DELETE,regular-file,Hands-on_EX/Hand-on-EX05/Hands-on_Ex05_b_cache/html/unnamed-chunk-10_c8ce035640580f680ae8cc708e7f0b54.rdb,0,
e69de29bb2d1d6434b8b29ae775ad8c2e48c5391,DELETE,regular-file,Hands-on_EX/Hand-on-EX05/Hands-on_Ex05_b_cache/html/unnamed-chunk-11_d178e885d2a5052baaaf27e4deccdb0b.rdb,0,
e69de29bb2d1d6434b8b29ae775ad8c2e48c5391,DELETE,regular-file,Hands-on_EX/Hand-on-EX05/Hands-on_Ex05_b_cache/html/unnamed-chunk-1_e0323856daa2d667fb7fa8b7d030397f.rdb,0,
1b5067681db26787e1e689c9cf2447be50ee79b0,DELETE,regular-file,Hands-on_EX/Hand-on-EX05/Hands-on_Ex05_b_cache/html/unnamed-chunk-2_a0d10d687c50b15745e0738b4a1610b7.rdb,521561,
395dee6def2cf103d3aee8dd4808922af218e8be,DELETE,regular-file,Hands-on_EX/Hand-on-EX05/Hands-on_Ex05_b_cache/html/unnamed-chunk-3_c8feeb527b10dbea32fbea41e5ce27af.rdb,10612,
9b511fc9f23c9a5665e380c151738fef9dbb604c,DELETE,regular-file,Hands-on_EX/Hand-on-EX05/Hands-on_Ex05_b_cache/html/unnamed-chunk-4_34d3b0cd72d32938983cd1904a86fcb5.rdb,520565,
e69de29bb2d1d6434b8b29ae775ad8c2e48c5391,DELETE,regular-file,Hands-on_EX/Hand-on-EX05/Hands-on_Ex05_b_cache/html/unnamed-chunk-5_09302488219e64a4fd47a0f5c3524735.rdb,0,
d08ba23cc727e06fec7bdababcd8a64f29895ac6,DELETE,regular-file,Hands-on_EX/Hand-on-EX05/Hands-on_Ex05_b_cache/html/unnamed-chunk-6_c345b934b4ea0cb6234be05dcbc8b7fd.rdb,925,
544225e67606468cd0c0388ebd698c65e3e5f7eb,DELETE,regular-file,Hands-on_EX/Hand-on-EX05/Hands-on_Ex05_b_cache/html/unnamed-chunk-7_dbcfccdab5e54f4a725b62d0cc608461.rdb,1452,
e69de29bb2d1d6434b8b29ae775ad8c2e48c5391,DELETE,regular-file,Hands-on_EX/Hand-on-EX05/Hands-on_Ex05_b_cache/html/unnamed-chunk-8_50ecc6bcc42f44f6aae8d659f32a896e.rdb,0,
e69de29bb2d1d6434b8b29ae775ad8c2e48c5391,DELETE,regular-file,Hands-on_EX/Hand-on-EX05/Hands-on_Ex05_b_cache/html/unnamed-chunk-9_21233aca03f74936e62a3ba6b3cb9f47.rdb,0,
e69de29bb2d1d6434b8b29ae775ad8c2e48c5391,DELETE,regular-file,Hands-on_EX/Hand-on-EX05/Hands-on_Ex05_cache/html/unnamed-chunk-10_a95e068cd40ea7fd0a205c215c035a31.rdb,0,
e69de29bb2d1d6434b8b29ae775ad8c2e48c5391,DELETE,regular-file,Hands-on_EX/Hand-on-EX05/Hands-on_Ex05_cache/html/unnamed-chunk-11_e3f8eab54bd53127be5f0ea5bad92a71.rdb,0,
e69de29bb2d1d6434b8b29ae775ad8c2e48c5391,DELETE,regular-file,Hands-on_EX/Hand-on-EX05/Hands-on_Ex05_cache/html/unnamed-chunk-12_f3e2210b38535e5dd8110adcb828e494.rdb,0,
e69de29bb2d1d6434b8b29ae775ad8c2e48c5391,DELETE,regular-file,Hands-on_EX/Hand-on-EX05/Hands-on_Ex05_cache/html/unnamed-chunk-13_6c723217e99fec721be4f6be0b5250ca.rdb,0,
e69de29bb2d1d6434b8b29ae775ad8c2e48c5391,DELETE,regular-file,Hands-on_EX/Hand-on-EX05/Hands-on_Ex05_cache/html/unnamed-chunk-14_c944513015d0ecc5a36eb352cfe86343.rdb,0,
e55dee646b6f22c9274ae1d641ce5d412fc51c83,DELETE,regular-file,Hands-on_EX/Hand-on-EX05/Hands-on_Ex05_cache/html/unnamed-chunk-15_429a69a41659ba025338686637432233.rdb,7791,
e69de29bb2d1d6434b8b29ae775ad8c2e48c5391,DELETE,regular-file,Hands-on_EX/Hand-on-EX05/Hands-on_Ex05_cache/html/unnamed-chunk-16_461c3ee236a98519da61c91302929fb7.rdb,0,
e69de29bb2d1d6434b8b29ae775ad8c2e48c5391,DELETE,regular-file,Hands-on_EX/Hand-on-EX05/Hands-on_Ex05_cache/html/unnamed-chunk-17_179213583174e53e2ed555720c1b199a.rdb,0,
e69de29bb2d1d6434b8b29ae775ad8c2e48c5391,DELETE,regular-file,Hands-on_EX/Hand-on-EX05/Hands-on_Ex05_cache/html/unnamed-chunk-18_fce182dc44ed6a91067bed502ae1d799.rdb,0,
e69de29bb2d1d6434b8b29ae775ad8c2e48c5391,DELETE,regular-file,Hands-on_EX/Hand-on-EX05/Hands-on_Ex05_cache/html/unnamed-chunk-19_e309e28989a1b4c5180a67486c69df95.rdb,0,
e69de29bb2d1d6434b8b29ae775ad8c2e48c5391,DELETE,regular-file,Hands-on_EX/Hand-on-EX05/Hands-on_Ex05_cache/html/unnamed-chunk-1_84ba5c6e1912e7025feb66fd0c35b371.rdb,0,
dfc19ebff4702ed20750d9097eaac29894cc3c81,DELETE,regular-file,Hands-on_EX/Hand-on-EX05/Hands-on_Ex05_cache/html/unnamed-chunk-20_0441e2757419c43a42a233cc46597f65.rdb,702,
e69de29bb2d1d6434b8b29ae775ad8c2e48c5391,DELETE,regular-file,Hands-on_EX/Hand-on-EX05/Hands-on_Ex05_cache/html/unnamed-chunk-21_7a50de04f70f858608332f7f04177f28.rdb,0,
4c632d56f884877b15ca19dc4262f87c546c0be3,DELETE,regular-file,Hands-on_EX/Hand-on-EX05/Hands-on_Ex05_cache/html/unnamed-chunk-22_3e26c62120a26caaa5f331bc13b19f82.rdb,691,
e69de29bb2d1d6434b8b29ae775ad8c2e48c5391,DELETE,regular-file,Hands-on_EX/Hand-on-EX05/Hands-on_Ex05_cache/html/unnamed-chunk-23_fa9e1993a047f174f27c92c4c5455939.rdb,0,
1b5067681db26787e1e689c9cf2447be50ee79b0,DELETE,regular-file,Hands-on_EX/Hand-on-EX05/Hands-on_Ex05_cache/html/unnamed-chunk-2_644384abd2e78172dfa926c73060ce5d.rdb,521561,
395dee6def2cf103d3aee8dd4808922af218e8be,DELETE,regular-file,Hands-on_EX/Hand-on-EX05/Hands-on_Ex05_cache/html/unnamed-chunk-3_461296c73e848aa36879e93b9e07c9ce.rdb,10612,
9b511fc9f23c9a5665e380c151738fef9dbb604c,DELETE,regular-file,Hands-on_EX/Hand-on-EX05/Hands-on_Ex05_cache/html/unnamed-chunk-4_b2de55a56734f02dd8a20ea556bdb485.rdb,520565,
09041c8bf0a661e4e72b672465ee2625e0b71f92,DELETE,regular-file,Hands-on_EX/Hand-on-EX05/Hands-on_Ex05_cache/html/unnamed-chunk-5_1fae15a2233d4ec8b7774913798e400a.rdb,1042665,
d08ba23cc727e06fec7bdababcd8a64f29895ac6,DELETE,regular-file,Hands-on_EX/Hand-on-EX05/Hands-on_Ex05_cache/html/unnamed-chunk-6_09b54bb16f076fe1ae668af144a71332.rdb,925,
544225e67606468cd0c0388ebd698c65e3e5f7eb,DELETE,regular-file,Hands-on_EX/Hand-on-EX05/Hands-on_Ex05_cache/html/unnamed-chunk-7_30b2b0aaa88e7097e7eae732edb157b9.rdb,1452,
e69de29bb2d1d6434b8b29ae775ad8c2e48c5391,DELETE,regular-file,Hands-on_EX/Hand-on-EX05/Hands-on_Ex05_cache/html/unnamed-chunk-8_72a83d7eeb1f76a676cdee0da24a0e03.rdb,0,
735f4cde1e9bc42f2121b5ee969a0029504e5dc9,DELETE,regular-file,Hands-on_EX/Hand-on-EX05/Hands-on_Ex05_cache/html/unnamed-chunk-9_7e3a31789ec65959b63219534459f7c6.rdb,8047,
e69de29bb2d1d6434b8b29ae775ad8c2e48c5391,DELETE,regular-file,Hands-on_EX/Hand-on-EX06/Hand-on_EX06_cache/html/unnamed-chunk-10_64558eef5bbc9630fb0ee8f2ea187275.rdb,0,
e69de29bb2d1d6434b8b29ae775ad8c2e48c5391,DELETE,regular-file,Hands-on_EX/Hand-on-EX06/Hand-on_EX06_cache/html/unnamed-chunk-11_e8a6308a536624e403c8343653d08926.rdb,0,
e69de29bb2d1d6434b8b29ae775ad8c2e48c5391,DELETE,regular-file,Hands-on_EX/Hand-on-EX06/Hand-on_EX06_cache/html/unnamed-chunk-12_a966d0a471d40e51de37e421bc63cacb.rdb,0,
2601012ebd5b4a7a610a55ce3a3fa2dae4cd2e63,DELETE,regular-file,Hands-on_EX/Hand-on-EX06/Hand-on_EX06_cache/html/unnamed-chunk-13_138fb5e40807494833ba6d352950a466.rdb,217702,
e69de29bb2d1d6434b8b29ae775ad8c2e48c5391,DELETE,regular-file,Hands-on_EX/Hand-on-EX06/Hand-on_EX06_cache/html/unnamed-chunk-14_d5c27f7dc71c56ded10bcf9e2415ce84.rdb,0,
c0cd3841337ea9fca1282fd1088273bba0b3f775,DELETE,regular-file,Hands-on_EX/Hand-on-EX06/Hand-on_EX06_cache/html/unnamed-chunk-15_3992975eab2e1659d234ae486362e250.rdb,518064,
c0cd3841337ea9fca1282fd1088273bba0b3f775,DELETE,regular-file,Hands-on_EX/Hand-on-EX06/Hand-on_EX06_cache/html/unnamed-chunk-16_02866efd5e0c35d9ed8256e9be85f1bf.rdb,518064,
e69de29bb2d1d6434b8b29ae775ad8c2e48c5391,DELETE,regular-file,Hands-on_EX/Hand-on-EX06/Hand-on_EX06_cache/html/unnamed-chunk-17_19bdcc481c3f79e51244a47cfa037806.rdb,0,
518311f8577b6c62f64232bc291a82d84666bd03,DELETE,regular-file,Hands-on_EX/Hand-on-EX06/Hand-on_EX06_cache/html/unnamed-chunk-18_1baebd4303a317eb9c59dc0f65c9ea06.rdb,1037628,
e69de29bb2d1d6434b8b29ae775ad8c2e48c5391,DELETE,regular-file,Hands-on_EX/Hand-on-EX06/Hand-on_EX06_cache/html/unnamed-chunk-19_388577afb07215836934d93cf973f1c2.rdb,0,
e69de29bb2d1d6434b8b29ae775ad8c2e48c5391,DELETE,regular-file,Hands-on_EX/Hand-on-EX06/Hand-on_EX06_cache/html/unnamed-chunk-1_f56dc15cc6217e89055a16239c6c84e1.rdb,0,
cb38ecbcaa0eeba6285473be78e8cfef333f46c8,DELETE,regular-file,Hands-on_EX/Hand-on-EX06/Hand-on_EX06_cache/html/unnamed-chunk-20_552401fc1aebde18e9a5f9205f60e7a7.rdb,306,
3ba9d4da04f08b5ba45f2ebd6637371423923661,DELETE,regular-file,Hands-on_EX/Hand-on-EX06/Hand-on_EX06_cache/html/unnamed-chunk-21_70b813ae4c44153215071faaaad5ba11.rdb,2680,
2ce94be15d42e836d5c5b821e20e26ace205486e,DELETE,regular-file,Hands-on_EX/Hand-on-EX06/Hand-on_EX06_cache/html/unnamed-chunk-22_ebae403dbbcd3721bd9062c0bcaebbb8.rdb,2691,
d858607bacf66545f0dec91d08e02d7b406dc0f1,DELETE,regular-file,Hands-on_EX/Hand-on-EX06/Hand-on_EX06_cache/html/unnamed-chunk-23_da36c1b1ee337cf4d123d69fdd5d4e3b.rdb,2661,
5888609fc2d0118e533d461dedd3bf817cc7a54c,DELETE,regular-file,Hands-on_EX/Hand-on-EX06/Hand-on_EX06_cache/html/unnamed-chunk-24_d1461cd46445a833407b859bbb2c554d.rdb,2612,
fd462d1c18b02bf67a530c049c39fd34784541e4,DELETE,regular-file,Hands-on_EX/Hand-on-EX06/Hand-on_EX06_cache/html/unnamed-chunk-25_2bd9c8fe7adb4e556bddf5acea97eaee.rdb,2818,
34907f28da49756d98b2b1aed4070099e0822ef9,DELETE,regular-file,Hands-on_EX/Hand-on-EX06/Hand-on_EX06_cache/html/unnamed-chunk-26_970b9065368bab8eb5db75f73249378a.rdb,165075,
f9ae9f327d828e4ae90bb00966e4427fbc356281,DELETE,regular-file,Hands-on_EX/Hand-on-EX06/Hand-on_EX06_cache/html/unnamed-chunk-27_d5d2314e0a5bd5928804640c500c63e3.rdb,162294,
56dc83c312802b78ae0d4baf121a38251afb60e1,DELETE,regular-file,Hands-on_EX/Hand-on-EX06/Hand-on_EX06_cache/html/unnamed-chunk-28_f0d21f833292b1fe319799ce4814595d.rdb,11802,
e69de29bb2d1d6434b8b29ae775ad8c2e48c5391,DELETE,regular-file,Hands-on_EX/Hand-on-EX06/Hand-on_EX06_cache/html/unnamed-chunk-29_5fac36b83881dc0f1fe2ebf5214cc2de.rdb,0,
c16f6efb4757e66cfd576ac10bf279d41f079884,DELETE,regular-file,Hands-on_EX/Hand-on-EX06/Hand-on_EX06_cache/html/unnamed-chunk-2_735f36f93fd7acb8f59349a9fca33107.rdb,514001,
dc86414c4c63c0ccbf462f04d56885f82d5d069c,DELETE,regular-file,Hands-on_EX/Hand-on-EX06/Hand-on_EX06_cache/html/unnamed-chunk-30_0265a02f3ce53607958b4f7d42dbb9fc.rdb,1342,
e69de29bb2d1d6434b8b29ae775ad8c2e48c5391,DELETE,regular-file,Hands-on_EX/Hand-on-EX06/Hand-on_EX06_cache/html/unnamed-chunk-31_a60bd35ac941c0f3c764c8b02f5f72ab.rdb,0,
c7e1f4028d60acd23d14580b1e5ffaad82078c5e,DELETE,regular-file,Hands-on_EX/Hand-on-EX06/Hand-on_EX06_cache/html/unnamed-chunk-32_8fdf3cc433d511ae126798702275bd5b.rdb,2015,
8b9c1914848ccd117cd880f37406c638b15f16cf,DELETE,regular-file,Hands-on_EX/Hand-on-EX06/Hand-on_EX06_cache/html/unnamed-chunk-33_bd0d9cbcdab3ea5038311953ab803fd8.rdb,2839,
e69de29bb2d1d6434b8b29ae775ad8c2e48c5391,DELETE,regular-file,Hands-on_EX/Hand-on-EX06/Hand-on_EX06_cache/html/unnamed-chunk-34_8a6e84b22b0bbf7bd467db638be9d8ca.rdb,0,
e69de29bb2d1d6434b8b29ae775ad8c2e48c5391,DELETE,regular-file,Hands-on_EX/Hand-on-EX06/Hand-on_EX06_cache/html/unnamed-chunk-35_808dbdc88b60bd1e6eed7b88c947be0f.rdb,0,
9362af9b27ec444f077658266a52fc075201ba55,DELETE,regular-file,Hands-on_EX/Hand-on-EX06/Hand-on_EX06_cache/html/unnamed-chunk-36_e54dfa614a39dedd575095961c33c9c3.rdb,2644,
043617f8b80806b4ef852df8184b7a9625022c2b,DELETE,regular-file,Hands-on_EX/Hand-on-EX06/Hand-on_EX06_cache/html/unnamed-chunk-37_22bd929bee368c5c0490a8bab0d1f577.rdb,454,
2fd604008e0c0c86504eeb9f0dbba33bc2ed2b1c,DELETE,regular-file,Hands-on_EX/Hand-on-EX06/Hand-on_EX06_cache/html/unnamed-chunk-38_58132dc10733518c742f69932f9452d2.rdb,494,
10585ec84a5204f1d63bc084ef93abf8ea3a8dbd,DELETE,regular-file,Hands-on_EX/Hand-on-EX06/Hand-on_EX06_cache/html/unnamed-chunk-39_a1428bf67b8ee33d1541f996df8c0fef.rdb,518522,
e69de29bb2d1d6434b8b29ae775ad8c2e48c5391,DELETE,regular-file,Hands-on_EX/Hand-on-EX06/Hand-on_EX06_cache/html/unnamed-chunk-3_35560dd39cb44e26201a968b8a3fe7d3.rdb,0,
e69de29bb2d1d6434b8b29ae775ad8c2e48c5391,DELETE,regular-file,Hands-on_EX/Hand-on-EX06/Hand-on_EX06_cache/html/unnamed-chunk-40_43742d5237276c068f5bb4b49402caff.rdb,0,
9b4d645d53ba53cb2df4a7100522832aeedb4ae2,DELETE,regular-file,Hands-on_EX/Hand-on-EX06/Hand-on_EX06_cache/html/unnamed-chunk-41_7007e6d06450fc1bf65ae7f1bef3e1b0.rdb,520878,
a535876b069dce36dd202bb3dcdb9f674f51b576,DELETE,regular-file,Hands-on_EX/Hand-on-EX06/Hand-on_EX06_cache/html/unnamed-chunk-42_2dc20c4f6f20baf84cb146df2df16e93.rdb,691,
f71953b6f4c46d6de8e5009627842bb608d3431e,DELETE,regular-file,Hands-on_EX/Hand-on-EX06/Hand-on_EX06_cache/html/unnamed-chunk-43_d4fab528af13db72761f4a95f1ceedb5.rdb,964,
e69de29bb2d1d6434b8b29ae775ad8c2e48c5391,DELETE,regular-file,Hands-on_EX/Hand-on-EX06/Hand-on_EX06_cache/html/unnamed-chunk-44_f3adccac4476bec8be03182ee209cc2a.rdb,0,
5f5dcf087e99367a7ccf9d011e7fc8dae295a315,DELETE,regular-file,Hands-on_EX/Hand-on-EX06/Hand-on_EX06_cache/html/unnamed-chunk-45_c51feae0031b95e8c734862fc46c6533.rdb,1567,
91004d36c2a6a8324e55e7bb74ff710fbbac99bb,DELETE,regular-file,Hands-on_EX/Hand-on-EX06/Hand-on_EX06_cache/html/unnamed-chunk-46_09a3bfc083a3eec9ddb6749b9b71bea0.rdb,2414,
2683a9eb9f173bc4ba46ee4137c1a63ed2e168c0,DELETE,regular-file,Hands-on_EX/Hand-on-EX06/Hand-on_EX06_cache/html/unnamed-chunk-47_a9544ac9edf4b5fc1bef74072b8f81be.rdb,747,
e69de29bb2d1d6434b8b29ae775ad8c2e48c5391,DELETE,regular-file,Hands-on_EX/Hand-on-EX06/Hand-on_EX06_cache/html/unnamed-chunk-48_6a4aaaa449730578c68634c8647607a1.rdb,0,
e69de29bb2d1d6434b8b29ae775ad8c2e48c5391,DELETE,regular-file,Hands-on_EX/Hand-on-EX06/Hand-on_EX06_cache/html/unnamed-chunk-49_31659e3435ba7c7e3c5fbdf0f79a1d21.rdb,0,
e69de29bb2d1d6434b8b29ae775ad8c2e48c5391,DELETE,regular-file,Hands-on_EX/Hand-on-EX06/Hand-on_EX06_cache/html/unnamed-chunk-4_cad140ac5202f82952f015fa907db3f2.rdb,0,
e69de29bb2d1d6434b8b29ae775ad8c2e48c5391,DELETE,regular-file,Hands-on_EX/Hand-on-EX06/Hand-on_EX06_cache/html/unnamed-chunk-50_5402c5fae7341c25c39a052d8f912457.rdb,0,
e69de29bb2d1d6434b8b29ae775ad8c2e48c5391,DELETE,regular-file,Hands-on_EX/Hand-on-EX06/Hand-on_EX06_cache/html/unnamed-chunk-51_f6fbf06a5d8d554a4182a8610e0c673b.rdb,0,
933bd015546589b84551bcfa89ccf2f5229a0a79,DELETE,regular-file,Hands-on_EX/Hand-on-EX06/Hand-on_EX06_cache/html/unnamed-chunk-52_ce97b78bb4823986144d2058d91e6e2e.rdb,1148,
e69de29bb2d1d6434b8b29ae775ad8c2e48c5391,DELETE,regular-file,Hands-on_EX/Hand-on-EX06/Hand-on_EX06_cache/html/unnamed-chunk-53_c44a55a9d868fe54dcdcad1949e1a19d.rdb,0,
65471707216b4ad9f3e5eb05f1501b0803c0391e,DELETE,regular-file,Hands-on_EX/Hand-on-EX06/Hand-on_EX06_cache/html/unnamed-chunk-54_6809e282db1319524071c4c3fc6e6b15.rdb,85,
e69de29bb2d1d6434b8b29ae775ad8c2e48c5391,DELETE,regular-file,Hands-on_EX/Hand-on-EX06/Hand-on_EX06_cache/html/unnamed-chunk-55_da05b59bf5768e9f4361995407da675f.rdb,0,
e69de29bb2d1d6434b8b29ae775ad8c2e48c5391,DELETE,regular-file,Hands-on_EX/Hand-on-EX06/Hand-on_EX06_cache/html/unnamed-chunk-56_55fc2c96d0ba0456f3cdad0acd6b06c2.rdb,0,
a7ab059a89e1bd349c5966c093cfa3fbf19b70f3,DELETE,regular-file,Hands-on_EX/Hand-on-EX06/Hand-on_EX06_cache/html/unnamed-chunk-57_2d8d9abed3acab37abbeda3a3cbd4647.rdb,518713,
63a9cd299d3495a424ff3738f309f7c49daec66a,DELETE,regular-file,Hands-on_EX/Hand-on-EX06/Hand-on_EX06_cache/html/unnamed-chunk-58_49af50642a92b6d2a4414f45d82139ed.rdb,1038859,
bb9d95821ed79df0cbe107e62e18edd75a6dad84,DELETE,regular-file,Hands-on_EX/Hand-on-EX06/Hand-on_EX06_cache/html/unnamed-chunk-59_2d08579a2c09592d8e32b0f3c5f9d00f.rdb,1376,
f75482adb1b8378ffb2d67e79fbe1c014536162c,DELETE,regular-file,Hands-on_EX/Hand-on-EX06/Hand-on_EX06_cache/html/unnamed-chunk-5_f1dbc20a626d6b657f0546165ae176ee.rdb,2242,
6034e75c674c8979fe3d19e698f074ded1e60d9b,DELETE,regular-file,Hands-on_EX/Hand-on-EX06/Hand-on_EX06_cache/html/unnamed-chunk-60_90d5917042471224134bd52b7ad421e6.rdb,494,
f5fef238a2518dd407dfa848890c09ba241fe382,DELETE,regular-file,Hands-on_EX/Hand-on-EX06/Hand-on_EX06_cache/html/unnamed-chunk-61_18757a32bc5fb61135a6f1cdd80db313.rdb,518523,
e69de29bb2d1d6434b8b29ae775ad8c2e48c5391,DELETE,regular-file,Hands-on_EX/Hand-on-EX06/Hand-on_EX06_cache/html/unnamed-chunk-62_1050cffeb1a9d5ac7e101e644afcf9b7.rdb,0,
e96ca01ff99e0875fc87477704a4fa9fdf0ce35a,DELETE,regular-file,Hands-on_EX/Hand-on-EX06/Hand-on_EX06_cache/html/unnamed-chunk-63_fb582670fba8d6a8ad58fbfe4f55f0a7.rdb,25332,
d3253d3508e488225adfa5c4fc1ebfd36f306134,DELETE,regular-file,Hands-on_EX/Hand-on-EX06/Hand-on_EX06_cache/html/unnamed-chunk-64_efac90d38fc7e8f7e01e97db1a7b4b06.rdb,605,
b2fabf62b0127e29172ebf9174512782b01e85af,DELETE,regular-file,Hands-on_EX/Hand-on-EX06/Hand-on_EX06_cache/html/unnamed-chunk-65_fdd4ef5d55739bd345a6267dfe380f10.rdb,1375,
b866c80f138c9a5b92d8aa290272d50c83fa9359,DELETE,regular-file,Hands-on_EX/Hand-on-EX06/Hand-on_EX06_cache/html/unnamed-chunk-66_5436037b66de1b93bf4f99c3037afc03.rdb,493,
d1e7c967f36dfb3517a718ce3f681a78532157ff,DELETE,regular-file,Hands-on_EX/Hand-on-EX06/Hand-on_EX06_cache/html/unnamed-chunk-67_5b4f71d3e9cbe2abd04b1c97c2be967f.rdb,518526,
e69de29bb2d1d6434b8b29ae775ad8c2e48c5391,DELETE,regular-file,Hands-on_EX/Hand-on-EX06/Hand-on_EX06_cache/html/unnamed-chunk-68_d86144c3b8693286d1d150c72c4e37cb.rdb,0,
e69de29bb2d1d6434b8b29ae775ad8c2e48c5391,DELETE,regular-file,Hands-on_EX/Hand-on-EX06/Hand-on_EX06_cache/html/unnamed-chunk-69_81dbecf76aab467903eb029d5104a059.rdb,0,
e69de29bb2d1d6434b8b29ae775ad8c2e48c5391,DELETE,regular-file,Hands-on_EX/Hand-on-EX06/Hand-on_EX06_cache/html/unnamed-chunk-6_bf3e944f9714e9da1f3c101c0f302071.rdb,0,
e69de29bb2d1d6434b8b29ae775ad8c2e48c5391,DELETE,regular-file,Hands-on_EX/Hand-on-EX06/Hand-on_EX06_cache/html/unnamed-chunk-70_f506346253f14514abd39ed56eb8776e.rdb,0,
e69de29bb2d1d6434b8b29ae775ad8c2e48c5391,DELETE,regular-file,Hands-on_EX/Hand-on-EX06/Hand-on_EX06_cache/html/unnamed-chunk-71_4c42974ae43b7af03a6c941280a2ac0d.rdb,0,
c8a11a028390473152b977999d67c231f2ce4dee,DELETE,regular-file,Hands-on_EX/Hand-on-EX06/Hand-on_EX06_cache/html/unnamed-chunk-7_d14faa9658ee1696aade46e4b2f5c806.rdb,4705,
e69de29bb2d1d6434b8b29ae775ad8c2e48c5391,DELETE,regular-file,Hands-on_EX/Hand-on-EX06/Hand-on_EX06_cache/html/unnamed-chunk-8_476fba4174c742232df02b00cce3f867.rdb,0,
e69de29bb2d1d6434b8b29ae775ad8c2e48c5391,DELETE,regular-file,Hands-on_EX/Hand-on-EX06/Hand-on_EX06_cache/html/unnamed-chunk-9_58b3e091a81c51a118dabde61e07ac0e.rdb,0,
e69de29bb2d1d6434b8b29ae775ad8c2e48c5391,DELETE,regular-file,Hands-on_EX/Hand-on-EX07/Hands-on_EX07_cache/html/unnamed-chunk-10_f29ea7a567cb5afce5b5aca4389f9dc7.rdb,0,
92c29622b52c9cdd9e6166ab64a60ce27143e7bf,DELETE,regular-file,Hands-on_EX/Hand-on-EX07/Hands-on_EX07_cache/html/unnamed-chunk-11_09fac80f56a124e4a16439ca6505eec6.rdb,171644,
e69de29bb2d1d6434b8b29ae775ad8c2e48c5391,DELETE,regular-file,Hands-on_EX/Hand-on-EX07/Hands-on_EX07_cache/html/unnamed-chunk-12_9b2ce0b6a722a4f8c832f2187fd642a3.rdb,0,
e69de29bb2d1d6434b8b29ae775ad8c2e48c5391,DELETE,regular-file,Hands-on_EX/Hand-on-EX07/Hands-on_EX07_cache/html/unnamed-chunk-13_899bf1f17eaa6065c796a975a6ca614b.rdb,0,
745b93eb636330b2f4426ecc7ae6e5e893b56011,DELETE,regular-file,Hands-on_EX/Hand-on-EX07/Hands-on_EX07_cache/html/unnamed-chunk-14_98134c2bd4e13406dc1ad5ddc7fbfc4f.rdb,178557,
e69de29bb2d1d6434b8b29ae775ad8c2e48c5391,DELETE,regular-file,Hands-on_EX/Hand-on-EX07/Hands-on_EX07_cache/html/unnamed-chunk-15_719d20051e94215bb26ef66176b29a2c.rdb,0,
72061188cdbe9ae0f0fed392ab7b91b51808da5f,DELETE,regular-file,Hands-on_EX/Hand-on-EX07/Hands-on_EX07_cache/html/unnamed-chunk-16_01a17793a515b7df66dc7553f5388ecb.rdb,6648560,
e69de29bb2d1d6434b8b29ae775ad8c2e48c5391,DELETE,regular-file,Hands-on_EX/Hand-on-EX07/Hands-on_EX07_cache/html/unnamed-chunk-17_59eba763b51741c79bb6ed8092c1d268.rdb,0,
e69de29bb2d1d6434b8b29ae775ad8c2e48c5391,DELETE,regular-file,Hands-on_EX/Hand-on-EX07/Hands-on_EX07_cache/html/unnamed-chunk-18_c366a5116891d7ef48ad7c7f5c81dfb6.rdb,0,
e69de29bb2d1d6434b8b29ae775ad8c2e48c5391,DELETE,regular-file,Hands-on_EX/Hand-on-EX07/Hands-on_EX07_cache/html/unnamed-chunk-19_2b2ca32ac5e47f7788e28b5be6160fd8.rdb,0,
e69de29bb2d1d6434b8b29ae775ad8c2e48c5391,DELETE,regular-file,Hands-on_EX/Hand-on-EX07/Hands-on_EX07_cache/html/unnamed-chunk-1_5c26291d0c8ddc47156b2ce1d9f48d89.rdb,0,
f8bfbc21035d654adee28449c2b549a2f57d49d8,DELETE,regular-file,Hands-on_EX/Hand-on-EX07/Hands-on_EX07_cache/html/unnamed-chunk-20_92fb3f4737fa9cb4c06762662dc1e7e3.rdb,35976,
e69de29bb2d1d6434b8b29ae775ad8c2e48c5391,DELETE,regular-file,Hands-on_EX/Hand-on-EX07/Hands-on_EX07_cache/html/unnamed-chunk-21_df87de9cd1ad0841c3bcfa3946c78629.rdb,0,
e69de29bb2d1d6434b8b29ae775ad8c2e48c5391,DELETE,regular-file,Hands-on_EX/Hand-on-EX07/Hands-on_EX07_cache/html/unnamed-chunk-22_026b9b145c62a7e80d303b70590abc0b.rdb,0,
e69de29bb2d1d6434b8b29ae775ad8c2e48c5391,DELETE,regular-file,Hands-on_EX/Hand-on-EX07/Hands-on_EX07_cache/html/unnamed-chunk-23_8a55664dcb2c6e622e9499655d64e53a.rdb,0,
17c171fd0092e62ccfea64831db9806be2125f36,DELETE,regular-file,Hands-on_EX/Hand-on-EX07/Hands-on_EX07_cache/html/unnamed-chunk-24_9c5710ec5870802817645e6d78e9acbe.rdb,375914,
c92ef1c804134dd71ff4983ed51ee64c13faa9f0,DELETE,regular-file,Hands-on_EX/Hand-on-EX07/Hands-on_EX07_cache/html/unnamed-chunk-25_a7b2b78968669f20b511f47502efc53c.rdb,283998,
e69de29bb2d1d6434b8b29ae775ad8c2e48c5391,DELETE,regular-file,Hands-on_EX/Hand-on-EX07/Hands-on_EX07_cache/html/unnamed-chunk-26_8d40c85e57cbe75c50d380375e7c63e7.rdb,0,
e69de29bb2d1d6434b8b29ae775ad8c2e48c5391,DELETE,regular-file,Hands-on_EX/Hand-on-EX07/Hands-on_EX07_cache/html/unnamed-chunk-27_99fbe4b0bda76aad2956ddf96be59e94.rdb,0,
e69de29bb2d1d6434b8b29ae775ad8c2e48c5391,DELETE,regular-file,Hands-on_EX/Hand-on-EX07/Hands-on_EX07_cache/html/unnamed-chunk-28_846e4b2a3344e76590f38326f96cc425.rdb,0,
e69de29bb2d1d6434b8b29ae775ad8c2e48c5391,DELETE,regular-file,Hands-on_EX/Hand-on-EX07/Hands-on_EX07_cache/html/unnamed-chunk-29_fd30152f51b0f6f55eaca98fdeb54bd2.rdb,0,
eb2525f3c8b00e971604bb269a21dfaeeff3fd4a,DELETE,regular-file,Hands-on_EX/Hand-on-EX07/Hands-on_EX07_cache/html/unnamed-chunk-2_a999156a5b4f7a6cc3c15c9066a9282d.rdb,538361,
e69de29bb2d1d6434b8b29ae775ad8c2e48c5391,DELETE,regular-file,Hands-on_EX/Hand-on-EX07/Hands-on_EX07_cache/html/unnamed-chunk-30_c2e1b354718b46a2f5972c651831ed46.rdb,0,
e69de29bb2d1d6434b8b29ae775ad8c2e48c5391,DELETE,regular-file,Hands-on_EX/Hand-on-EX07/Hands-on_EX07_cache/html/unnamed-chunk-31_936a688b891598c08cb2b29374f11660.rdb,0,
e69de29bb2d1d6434b8b29ae775ad8c2e48c5391,DELETE,regular-file,Hands-on_EX/Hand-on-EX07/Hands-on_EX07_cache/html/unnamed-chunk-32_3f1caef816ddfe4d75a82946c1326381.rdb,0,
4ad81667143b227f51c13a143aaeade50eb1133a,DELETE,regular-file,Hands-on_EX/Hand-on-EX07/Hands-on_EX07_cache/html/unnamed-chunk-33_268383995df9a8fda9e8ccc2581d6529.rdb,15291,
bc9571da944b48b22e698accec288a322917e10e,DELETE,regular-file,Hands-on_EX/Hand-on-EX07/Hands-on_EX07_cache/html/unnamed-chunk-34_dd0bd53309c1a54151899b7a9886976b.rdb,193433,
f7107f62e697b261642a85f8b2c3426d999ae784,DELETE,regular-file,Hands-on_EX/Hand-on-EX07/Hands-on_EX07_cache/html/unnamed-chunk-35_7264526a6691364265782acfdd1fe341.rdb,196307,
e69de29bb2d1d6434b8b29ae775ad8c2e48c5391,DELETE,regular-file,Hands-on_EX/Hand-on-EX07/Hands-on_EX07_cache/html/unnamed-chunk-36_0b2d6bb87d0d52a0b6d11bff48f973ec.rdb,0,
917599e1679d02839b25a70decc37e090f43159e,DELETE,regular-file,Hands-on_EX/Hand-on-EX07/Hands-on_EX07_cache/html/unnamed-chunk-37_6ba68d523be6c573807d72730c1fbad4.rdb,648,
e69de29bb2d1d6434b8b29ae775ad8c2e48c5391,DELETE,regular-file,Hands-on_EX/Hand-on-EX07/Hands-on_EX07_cache/html/unnamed-chunk-38_6efa9fa964046073585f94fe5c172f24.rdb,0,
9f5acae13c261134ab6870aeef935ddfa8eee308,DELETE,regular-file,Hands-on_EX/Hand-on-EX07/Hands-on_EX07_cache/html/unnamed-chunk-39_797826e413646db02a9eaea3b1fe77bb.rdb,28179,
51044dcf84843cd9039078b96d2f47e25b8fb796,DELETE,regular-file,Hands-on_EX/Hand-on-EX07/Hands-on_EX07_cache/html/unnamed-chunk-3_ab0f9587afd44ccd1cd40f1b486f6072.rdb,538466,
4665d0e86cd09fabdbaf2a457426b1ae1cd58619,DELETE,regular-file,Hands-on_EX/Hand-on-EX07/Hands-on_EX07_cache/html/unnamed-chunk-40_afb4f898b2001dc112baf4a7175ceced.rdb,39565,
e69de29bb2d1d6434b8b29ae775ad8c2e48c5391,DELETE,regular-file,Hands-on_EX/Hand-on-EX07/Hands-on_EX07_cache/html/unnamed-chunk-41_97c9633d0052e2250dbce841db82d9a9.rdb,0,
dc57d9b78a6b7238e6dc0b73a5dbaf8c2e0e5817,DELETE,regular-file,Hands-on_EX/Hand-on-EX07/Hands-on_EX07_cache/html/unnamed-chunk-42_8a1f913345bf2e48ec49d6767b22f935.rdb,47,
dddf57da789e71cd0c5a3da87c65b82cb839afa8,DELETE,regular-file,Hands-on_EX/Hand-on-EX07/Hands-on_EX07_cache/html/unnamed-chunk-43_24ce0d2deee2c68495f8efe95eea4264.rdb,964011,
e69de29bb2d1d6434b8b29ae775ad8c2e48c5391,DELETE,regular-file,Hands-on_EX/Hand-on-EX07/Hands-on_EX07_cache/html/unnamed-chunk-44_2b6ac41cfadd34106969f8185f2df980.rdb,0,
e81e34cc567fb0710d8468ca864afa12f442eb4c,DELETE,regular-file,Hands-on_EX/Hand-on-EX07/Hands-on_EX07_cache/html/unnamed-chunk-45_c30a19475730a801fafe04f7fcb284ea.rdb,43,
08bf3333e52d02b0b6ff25284a4d2c48115e5ca9,DELETE,regular-file,Hands-on_EX/Hand-on-EX07/Hands-on_EX07_cache/html/unnamed-chunk-46_0d45da5a38aa379d857bb30222df3c1a.rdb,965419,
e69de29bb2d1d6434b8b29ae775ad8c2e48c5391,DELETE,regular-file,Hands-on_EX/Hand-on-EX07/Hands-on_EX07_cache/html/unnamed-chunk-47_f26f79ac1b4443ea5ccb50e6910f638e.rdb,0,
1fe5b4e3fa44e476a3e08feab768a9d177f884b6,DELETE,regular-file,Hands-on_EX/Hand-on-EX07/Hands-on_EX07_cache/html/unnamed-chunk-48_714c3e20a63094cf863592a122c331e7.rdb,550996,
1fe5b4e3fa44e476a3e08feab768a9d177f884b6,DELETE,regular-file,Hands-on_EX/Hand-on-EX07/Hands-on_EX07_cache/html/unnamed-chunk-49_b7723ac9a959b8e80812e5b5565ffade.rdb,550996,
e69de29bb2d1d6434b8b29ae775ad8c2e48c5391,DELETE,regular-file,Hands-on_EX/Hand-on-EX07/Hands-on_EX07_cache/html/unnamed-chunk-4_0a6fea050b48de0ff59ab8a737040ce8.rdb,0,
491ba5899e1c6c1b69480300cb110996bd8041cd,DELETE,regular-file,Hands-on_EX/Hand-on-EX07/Hands-on_EX07_cache/html/unnamed-chunk-50_e6a6ea28deb014f6cdf8e3b9f289d4a9.rdb,1284122,
e69de29bb2d1d6434b8b29ae775ad8c2e48c5391,DELETE,regular-file,Hands-on_EX/Hand-on-EX07/Hands-on_EX07_cache/html/unnamed-chunk-51_17d158c7706d3492e656be39805ff8bb.rdb,0,
e69de29bb2d1d6434b8b29ae775ad8c2e48c5391,DELETE,regular-file,Hands-on_EX/Hand-on-EX07/Hands-on_EX07_cache/html/unnamed-chunk-52_33872798db42b156d166c6e15d414461.rdb,0,
917599e1679d02839b25a70decc37e090f43159e,DELETE,regular-file,Hands-on_EX/Hand-on-EX07/Hands-on_EX07_cache/html/unnamed-chunk-53_14d1e54db463913647f7fdc43d6704cf.rdb,648,
e69de29bb2d1d6434b8b29ae775ad8c2e48c5391,DELETE,regular-file,Hands-on_EX/Hand-on-EX07/Hands-on_EX07_cache/html/unnamed-chunk-54_d892a0067a55a767b2731d4952038ec3.rdb,0,
d046db41b16d2961b43b7c0c4045a4c121696d64,DELETE,regular-file,Hands-on_EX/Hand-on-EX07/Hands-on_EX07_cache/html/unnamed-chunk-55_d456dd8c253c1abde11dbe2b9c9dffcf.rdb,2552264,
e69de29bb2d1d6434b8b29ae775ad8c2e48c5391,DELETE,regular-file,Hands-on_EX/Hand-on-EX07/Hands-on_EX07_cache/html/unnamed-chunk-56_36846c5f8f1190601f870b6e35267a9b.rdb,0,
e69de29bb2d1d6434b8b29ae775ad8c2e48c5391,DELETE,regular-file,Hands-on_EX/Hand-on-EX07/Hands-on_EX07_cache/html/unnamed-chunk-57_f67f52540ca908b7716029caab8bcae0.rdb,0,
e69de29bb2d1d6434b8b29ae775ad8c2e48c5391,DELETE,regular-file,Hands-on_EX/Hand-on-EX07/Hands-on_EX07_cache/html/unnamed-chunk-5_fbce737962408a4cedc39e7c2381cdd9.rdb,0,
b6315c4f26f14972e2069268ad0f983d25c2108f,DELETE,regular-file,Hands-on_EX/Hand-on-EX07/Hands-on_EX07_cache/html/unnamed-chunk-6_6a81ba629ec8f89bd2457b0d221882f7.rdb,167145,
e69de29bb2d1d6434b8b29ae775ad8c2e48c5391,DELETE,regular-file,Hands-on_EX/Hand-on-EX07/Hands-on_EX07_cache/html/unnamed-chunk-7_2f207eb872fa6376d5662f0a63003494.rdb,0,
e69de29bb2d1d6434b8b29ae775ad8c2e48c5391,DELETE,regular-file,Hands-on_EX/Hand-on-EX07/Hands-on_EX07_cache/html/unnamed-chunk-8_656e5eca7e1c68bd3854870e3529a860.rdb,0,
e69de29bb2d1d6434b8b29ae775ad8c2e48c5391,DELETE,regular-file,Hands-on_EX/Hand-on-EX07/Hands-on_EX07_cache/html/unnamed-chunk-9_540d261815e2a9c80f134d455d469fca.rdb,0,
3dc765a49c39d6a8f72ce588dc819de84fe7eecd,DELETE,regular-file,Hands-on_EX/Hand-on-EX08/Hands-on_EX08_cache/html/unnamed-chunk-10_2bebedd61cafe2fc74c94eff23d5dc58.rdb,43,
e69de29bb2d1d6434b8b29ae775ad8c2e48c5391,DELETE,regular-file,Hands-on_EX/Hand-on-EX08/Hands-on_EX08_cache/html/unnamed-chunk-11_d7cbea18579361612afd09d3cf194e31.rdb,0,
3dc765a49c39d6a8f72ce588dc819de84fe7eecd,DELETE,regular-file,Hands-on_EX/Hand-on-EX08/Hands-on_EX08_cache/html/unnamed-chunk-12_7b1861079cf6f6f3a8c79d8bfb8f91b5.rdb,43,
a897376cdf27fe2fcda68be98ac3c2f150877a67,DELETE,regular-file,Hands-on_EX/Hand-on-EX08/Hands-on_EX08_cache/html/unnamed-chunk-13_1708192cffc35bbf119a59b8c51cac71.rdb,4839846,
e69de29bb2d1d6434b8b29ae775ad8c2e48c5391,DELETE,regular-file,Hands-on_EX/Hand-on-EX08/Hands-on_EX08_cache/html/unnamed-chunk-14_2f72bc6ae1de2235144853e7364b77eb.rdb,0,
e69de29bb2d1d6434b8b29ae775ad8c2e48c5391,DELETE,regular-file,Hands-on_EX/Hand-on-EX08/Hands-on_EX08_cache/html/unnamed-chunk-15_fefe5aeae55cc1eddfc37c07458a3b5b.rdb,0,
a518ecdf33cbb53035b6600c59d436e95f086436,DELETE,regular-file,Hands-on_EX/Hand-on-EX08/Hands-on_EX08_cache/html/unnamed-chunk-16_d28b92ab6ee4aaba9a66861688126a36.rdb,371834,
3f327689b4bc54c92ec147858c6dccb7b9b19dca,DELETE,regular-file,Hands-on_EX/Hand-on-EX08/Hands-on_EX08_cache/html/unnamed-chunk-17_18dfc711d9b3193c2181c6728cb3cb2f.rdb,43,
e69de29bb2d1d6434b8b29ae775ad8c2e48c5391,DELETE,regular-file,Hands-on_EX/Hand-on-EX08/Hands-on_EX08_cache/html/unnamed-chunk-18_f05557b7af07e84cd0acdc71c0f46221.rdb,0,
27aaf3f4886b9c010b13f39d2036201a2efde29a,DELETE,regular-file,Hands-on_EX/Hand-on-EX08/Hands-on_EX08_cache/html/unnamed-chunk-19_9c97001e473d20c4ce2c88cd647b7e61.rdb,303160,
e69de29bb2d1d6434b8b29ae775ad8c2e48c5391,DELETE,regular-file,Hands-on_EX/Hand-on-EX08/Hands-on_EX08_cache/html/unnamed-chunk-1_0cbb181a22849f5156193e0acfa1aa17.rdb,0,
26996031941ff7755d5ceb23f604e67c20cbb1c7,DELETE,regular-file,Hands-on_EX/Hand-on-EX08/Hands-on_EX08_cache/html/unnamed-chunk-20_7fefa39c2777f50c737dd82376d32b17.rdb,160100,
493b006cca01dbc2662a2f29a2946e9a86f076c0,DELETE,regular-file,Hands-on_EX/Hand-on-EX08/Hands-on_EX08_cache/html/unnamed-chunk-21_1d5c95a6518055e49b2de64f7e3776ef.rdb,550087,
3db6c0e069485d0ea64093c8da8e05106b718899,DELETE,regular-file,Hands-on_EX/Hand-on-EX08/Hands-on_EX08_cache/html/unnamed-chunk-22_b3b55f373598bc2e76ce1e0d36ce87bb.rdb,26634755,
e69de29bb2d1d6434b8b29ae775ad8c2e48c5391,DELETE,regular-file,Hands-on_EX/Hand-on-EX08/Hands-on_EX08_cache/html/unnamed-chunk-23_ed6971c1a6f8cb94e5c62495f52f71c8.rdb,0,
3db6c0e069485d0ea64093c8da8e05106b718899,DELETE,regular-file,Hands-on_EX/Hand-on-EX08/Hands-on_EX08_cache/html/unnamed-chunk-24_3569c1a24439231a90b58231d14348d8.rdb,26634755,
e69de29bb2d1d6434b8b29ae775ad8c2e48c5391,DELETE,regular-file,Hands-on_EX/Hand-on-EX08/Hands-on_EX08_cache/html/unnamed-chunk-25_3922f7125a84be41e6ca51f930e611e2.rdb,0,
e69de29bb2d1d6434b8b29ae775ad8c2e48c5391,DELETE,regular-file,Hands-on_EX/Hand-on-EX08/Hands-on_EX08_cache/html/unnamed-chunk-26_2afaa4eb5c72740db197d710e2c30e55.rdb,0,
e69de29bb2d1d6434b8b29ae775ad8c2e48c5391,DELETE,regular-file,Hands-on_EX/Hand-on-EX08/Hands-on_EX08_cache/html/unnamed-chunk-27_469e6c316e12a146241bb69384e8303b.rdb,0,
c5a17467eb3b75211b1bf4dc39ac9bf1d9c99653,DELETE,regular-file,Hands-on_EX/Hand-on-EX08/Hands-on_EX08_cache/html/unnamed-chunk-28_6c00972e0e57471df91d4db46a016384.rdb,369921,
e69de29bb2d1d6434b8b29ae775ad8c2e48c5391,DELETE,regular-file,Hands-on_EX/Hand-on-EX08/Hands-on_EX08_cache/html/unnamed-chunk-29_8ae99f8f213cc5b575a6927f249933f4.rdb,0,
895aedbb5da43dcd9343af7ad5e8c039f9be0c67,DELETE,regular-file,Hands-on_EX/Hand-on-EX08/Hands-on_EX08_cache/html/unnamed-chunk-2_ec489b1cb460c78c23add8a102abcb43.rdb,1007390,
e69de29bb2d1d6434b8b29ae775ad8c2e48c5391,DELETE,regular-file,Hands-on_EX/Hand-on-EX08/Hands-on_EX08_cache/html/unnamed-chunk-30_e89a52b2945e679c4f95835aa00e8273.rdb,0,
b7ff5461880df6283bf38e87b8debaedc9027a1f,DELETE,regular-file,Hands-on_EX/Hand-on-EX08/Hands-on_EX08_cache/html/unnamed-chunk-31_dd31c00b2632fb17792e0324a1528aab.rdb,81952,
8b0a70afc178ca370b40d507306db8d6e7523ed3,DELETE,regular-file,Hands-on_EX/Hand-on-EX08/Hands-on_EX08_cache/html/unnamed-chunk-32_1da988a2155cabd4999803fd32bd5f06.rdb,410952,
e69de29bb2d1d6434b8b29ae775ad8c2e48c5391,DELETE,regular-file,Hands-on_EX/Hand-on-EX08/Hands-on_EX08_cache/html/unnamed-chunk-33_76eb1bcc9963b3688ab039e8de0ac955.rdb,0,
e69de29bb2d1d6434b8b29ae775ad8c2e48c5391,DELETE,regular-file,Hands-on_EX/Hand-on-EX08/Hands-on_EX08_cache/html/unnamed-chunk-34_17b89a59b2922d42772d660a223fec7c.rdb,0,
e69de29bb2d1d6434b8b29ae775ad8c2e48c5391,DELETE,regular-file,Hands-on_EX/Hand-on-EX08/Hands-on_EX08_cache/html/unnamed-chunk-35_ab85636ac6325946aaba498fae54606e.rdb,0,
b955856e537ad397eaba2e360008be87f45e55ef,DELETE,regular-file,Hands-on_EX/Hand-on-EX08/Hands-on_EX08_cache/html/unnamed-chunk-3_a56b6681b9ae5cb28b01a4719498d066.rdb,2133772,
e69de29bb2d1d6434b8b29ae775ad8c2e48c5391,DELETE,regular-file,Hands-on_EX/Hand-on-EX08/Hands-on_EX08_cache/html/unnamed-chunk-4_ae10e64bbdd717fcadf620ca8fd54ab2.rdb,0,
799615d7966f4c73750687d0a10a4b7adea2bdb8,DELETE,regular-file,Hands-on_EX/Hand-on-EX08/Hands-on_EX08_cache/html/unnamed-chunk-5_d1b42683c9c7045f9e7062ef2b9e1852.rdb,777807,
991e4164fd8531c3d990f181384443fb5cfc9976,DELETE,regular-file,Hands-on_EX/Hand-on-EX08/Hands-on_EX08_cache/html/unnamed-chunk-6_a27b90953933846b561b857146424c56.rdb,1099421,
9a1c4d1e22b2c004569b84aec02e52385ab60778,DELETE,regular-file,Hands-on_EX/Hand-on-EX08/Hands-on_EX08_cache/html/unnamed-chunk-7_0d127006218f2d5ad6c22e2b6de2aab9.rdb,1701573,
e69de29bb2d1d6434b8b29ae775ad8c2e48c5391,DELETE,regular-file,Hands-on_EX/Hand-on-EX08/Hands-on_EX08_cache/html/unnamed-chunk-8_84275fcaad53fe057196354db221d756.rdb,0,
05c3f0e46f752c38358a919f8923d0533cf54c31,DELETE,regular-file,Hands-on_EX/Hand-on-EX08/Hands-on_EX08_cache/html/unnamed-chunk-9_d6542c87d4af382652b50c72169dade5.rdb,653653,
c8a2b2141d36cfde6774ef29d894f24508fc6a79,DELETE,regular-file,In-class_EX/In-class_EX04/In-class_EX04_cache/html/unnamed-chunk-10_66950e7d8836099178b11e30d44849f2.rdb,3838,
610f7a4795d4bba822093c8847a0876d442d0a37,DELETE,regular-file,In-class_EX/In-class_EX04/In-class_EX04_cache/html/unnamed-chunk-11_b4c5dbf9e882fea1d0ae064eeb35ec30.rdb,525298,
e69de29bb2d1d6434b8b29ae775ad8c2e48c5391,DELETE,regular-file,In-class_EX/In-class_EX04/In-class_EX04_cache/html/unnamed-chunk-12_ca2fc32051943703e01b148a96f0723a.rdb,0,
332aaf5723d99fa3b6d188fc05ae0c0e21354732,DELETE,regular-file,In-class_EX/In-class_EX04/In-class_EX04_cache/html/unnamed-chunk-13_ff65097b6ce610ab10b3576a9963bc7d.rdb,535103,
e69de29bb2d1d6434b8b29ae775ad8c2e48c5391,DELETE,regular-file,In-class_EX/In-class_EX04/In-class_EX04_cache/html/unnamed-chunk-14_021753b724cf1cfdf1c97318a0846c9b.rdb,0,
e69de29bb2d1d6434b8b29ae775ad8c2e48c5391,DELETE,regular-file,In-class_EX/In-class_EX04/In-class_EX04_cache/html/unnamed-chunk-1_d97b45649341e7b7fff10517c96b44cc.rdb,0,
1b5067681db26787e1e689c9cf2447be50ee79b0,DELETE,regular-file,In-class_EX/In-class_EX04/In-class_EX04_cache/html/unnamed-chunk-2_96f29e31f4bf8c38082902ae7486f759.rdb,521561,
395dee6def2cf103d3aee8dd4808922af218e8be,DELETE,regular-file,In-class_EX/In-class_EX04/In-class_EX04_cache/html/unnamed-chunk-3_aba4d6c0b6332fda6667ba23cd4e085e.rdb,10612,
98215181f97a31ee0e84f27a3ac3d06918758c4f,DELETE,regular-file,In-class_EX/In-class_EX04/In-class_EX04_cache/html/unnamed-chunk-4_7b2e3425f0fd1620dffe8bd21d89df05.rdb,521955,
464141f523c46bb99cb272cee5e527b6df4583e5,DELETE,regular-file,In-class_EX/In-class_EX04/In-class_EX04_cache/html/unnamed-chunk-5_ca1350dc8f119e6691b2e22ebecc974a.rdb,528638,
464141f523c46bb99cb272cee5e527b6df4583e5,DELETE,regular-file,In-class_EX/In-class_EX04/In-class_EX04_cache/html/unnamed-chunk-6_3d65df17cd3b7dc142746eda912a502d.rdb,528638,
f09029142aace32adc1955ccfe6fe9e4070e56d4,DELETE,regular-file,In-class_EX/In-class_EX04/In-class_EX04_cache/html/unnamed-chunk-7_0cd0eafb687679883a2a7b7239c7de93.rdb,43,
f09029142aace32adc1955ccfe6fe9e4070e56d4,DELETE,regular-file,In-class_EX/In-class_EX04/In-class_EX04_cache/html/unnamed-chunk-8_9f9161987e1b8e372d54ea9ff2409163.rdb,43,
eae9205512a1f45a7ce7e0aff7f410ee3ea3372e,DELETE,regular-file,In-class_EX/In-class_EX04/In-class_EX04_cache/html/unnamed-chunk-9_3444b64d2e31dc830a50162cd0cafe19.rdb,529473,
e69de29bb2d1d6434b8b29ae775ad8c2e48c5391,DELETE,regular-file,In-class_EX/In-class_EX05/In-class_EX05_cache/html/unnamed-chunk-10_2cdba9912d4870ac19e56fba73891338.rdb,0,
30a33fc2fa3e4ef2e265f5087155271b2800d293,DELETE,regular-file,In-class_EX/In-class_EX05/In-class_EX05_cache/html/unnamed-chunk-11_9102295c6e57e9911ece25710fae15bf.rdb,527456,
e69de29bb2d1d6434b8b29ae775ad8c2e48c5391,DELETE,regular-file,In-class_EX/In-class_EX05/In-class_EX05_cache/html/unnamed-chunk-12_02a6f7390febf111d134ff116b46afd5.rdb,0,
e69de29bb2d1d6434b8b29ae775ad8c2e48c5391,DELETE,regular-file,In-class_EX/In-class_EX05/In-class_EX05_cache/html/unnamed-chunk-13_0184c6975c8cf260259226cd928664c7.rdb,0,
bd6508caa24b841cb99aeeb201bee286952dcc34,DELETE,regular-file,In-class_EX/In-class_EX05/In-class_EX05_cache/html/unnamed-chunk-14_4378dcb5fdbef7a03a3e5082a0b5c889.rdb,1056505,
2e31abe751739632721fbf1e785c0dc745fc37b0,DELETE,regular-file,In-class_EX/In-class_EX05/In-class_EX05_cache/html/unnamed-chunk-15_6a7c7a476a43b997de0954481c5700d9.rdb,98917,
a4829165bc8722fb2b0a496f864e4ecaab98cc77,DELETE,regular-file,In-class_EX/In-class_EX05/In-class_EX05_cache/html/unnamed-chunk-16_32aa83da22b00ebdf49b6cfc74b58ef3.rdb,524099,
80b8ac84a11d3e95cb4850b33b10932f518a7cb2,DELETE,regular-file,In-class_EX/In-class_EX05/In-class_EX05_cache/html/unnamed-chunk-17_5375b621e218cc452ec68558a7fa9d36.rdb,529497,
e69de29bb2d1d6434b8b29ae775ad8c2e48c5391,DELETE,regular-file,In-class_EX/In-class_EX05/In-class_EX05_cache/html/unnamed-chunk-18_da02b6a214d3088a038546ae7235a07f.rdb,0,
e69de29bb2d1d6434b8b29ae775ad8c2e48c5391,DELETE,regular-file,In-class_EX/In-class_EX05/In-class_EX05_cache/html/unnamed-chunk-19_f97199dac7f0f01739cc6de6d08f4693.rdb,0,
e69de29bb2d1d6434b8b29ae775ad8c2e48c5391,DELETE,regular-file,In-class_EX/In-class_EX05/In-class_EX05_cache/html/unnamed-chunk-1_5fa88d0f0999f9e69c4787a66c2ddecb.rdb,0,
63ddca8aa91d0fddf22e3d7849ff7389c56b3885,DELETE,regular-file,In-class_EX/In-class_EX05/In-class_EX05_cache/html/unnamed-chunk-20_1b403dd989aef743e9bc8c7ad61dde55.rdb,1060600,
a07af6dde6921f7c74a82571da675b85786409ef,DELETE,regular-file,In-class_EX/In-class_EX05/In-class_EX05_cache/html/unnamed-chunk-21_123e78cc6a8de012072860a74200a455.rdb,107166,
1b5067681db26787e1e689c9cf2447be50ee79b0,DELETE,regular-file,In-class_EX/In-class_EX05/In-class_EX05_cache/html/unnamed-chunk-2_a349bf3249ad4eb5a210057b66074d40.rdb,521561,
395dee6def2cf103d3aee8dd4808922af218e8be,DELETE,regular-file,In-class_EX/In-class_EX05/In-class_EX05_cache/html/unnamed-chunk-3_dd4a5956d639dc52e38c222c145f4e14.rdb,10612,
9b511fc9f23c9a5665e380c151738fef9dbb604c,DELETE,regular-file,In-class_EX/In-class_EX05/In-class_EX05_cache/html/unnamed-chunk-4_da5b62f999fc23f5512017a35080bb18.rdb,520565,
e69de29bb2d1d6434b8b29ae775ad8c2e48c5391,DELETE,regular-file,In-class_EX/In-class_EX05/In-class_EX05_cache/html/unnamed-chunk-5_51150daab9c913c92a43039128bd936f.rdb,0,
7907a008b06de6e6e00df055bb8597eeb7a6b1f2,DELETE,regular-file,In-class_EX/In-class_EX05/In-class_EX05_cache/html/unnamed-chunk-6_770a17ba475a900f9d48afc3423ddc8a.rdb,521909,
e69de29bb2d1d6434b8b29ae775ad8c2e48c5391,DELETE,regular-file,In-class_EX/In-class_EX05/In-class_EX05_cache/html/unnamed-chunk-7_a73a0dec529e09f34cfd35ddfaeae029.rdb,0,
192368b421683b9df7e964691c7aa2c1dffc00f0,DELETE,regular-file,In-class_EX/In-class_EX05/In-class_EX05_cache/html/unnamed-chunk-8_32fc09b8f401132792fc527f4eb15f8d.rdb,95,
e69de29bb2d1d6434b8b29ae775ad8c2e48c5391,DELETE,regular-file,In-class_EX/In-class_EX05/In-class_EX05_cache/html/unnamed-chunk-9_52d5260183c9343cd02751ab4e42006e.rdb,0,
bcc1b90663c06fe0ca6ddca98b96753a77df7357,DELETE,regular-file,In-class_EX/In-class_EX06/In-class_EX06_cache/html/unnamed-chunk-10_881e799b0d954f97dd5f5d35db4791dd.rdb,108169,
e69de29bb2d1d6434b8b29ae775ad8c2e48c5391,DELETE,regular-file,In-class_EX/In-class_EX06/In-class_EX06_cache/html/unnamed-chunk-11_d8c6f36eb8deae9f031e60d9ad1c4606.rdb,0,
0c6c134a2e0b29a7e21f10b7135180a19f0e89de,DELETE,regular-file,In-class_EX/In-class_EX06/In-class_EX06_cache/html/unnamed-chunk-12_504a02f9e9542f283ba11e1984e8f57d.rdb,1461,
1eba3e77748fac59c8a342e46c88e2f1f898d5f5,DELETE,regular-file,In-class_EX/In-class_EX06/In-class_EX06_cache/html/unnamed-chunk-13_99dd909c05ae6981daee5d7271ca59c5.rdb,362,
19033f1e14ffbc63472663572b74a53a76693918,DELETE,regular-file,In-class_EX/In-class_EX06/In-class_EX06_cache/html/unnamed-chunk-14_1e427ec2be57d311304e0fffba9c14f7.rdb,1435,
e69de29bb2d1d6434b8b29ae775ad8c2e48c5391,DELETE,regular-file,In-class_EX/In-class_EX06/In-class_EX06_cache/html/unnamed-chunk-15_8f711d98874c14c3c1ba2e52f0b9d2d7.rdb,0,
746569c877443bcde50948aa62afbbee447a565b,DELETE,regular-file,In-class_EX/In-class_EX06/In-class_EX06_cache/html/unnamed-chunk-16_a81753cbbb37f40835e5901dc4371956.rdb,522464,
6be085bf264aebd06739fff53709230662f929fb,DELETE,regular-file,In-class_EX/In-class_EX06/In-class_EX06_cache/html/unnamed-chunk-17_e1839ec77a041a7a3bb20e82eacf4da6.rdb,264474,
e69de29bb2d1d6434b8b29ae775ad8c2e48c5391,DELETE,regular-file,In-class_EX/In-class_EX06/In-class_EX06_cache/html/unnamed-chunk-1_111aad8857b799e9b92035e7fd6cb063.rdb,0,
1b5067681db26787e1e689c9cf2447be50ee79b0,DELETE,regular-file,In-class_EX/In-class_EX06/In-class_EX06_cache/html/unnamed-chunk-2_b40129d25c794396b4d175059204f5ef.rdb,521561,
bdb39c7ad205ffbb5157ae94b3102b1c02a83a5f,DELETE,regular-file,In-class_EX/In-class_EX06/In-class_EX06_cache/html/unnamed-chunk-3_9a70c6aa24c5bfea2f87e5d0bced0e41.rdb,6506,
b4a1fbe9544b2eda0801b52aafeb7fb3178e4bc2,DELETE,regular-file,In-class_EX/In-class_EX06/In-class_EX06_cache/html/unnamed-chunk-4_71ff44b891da0820c024bdd73ab6013f.rdb,534642,
e69de29bb2d1d6434b8b29ae775ad8c2e48c5391,DELETE,regular-file,In-class_EX/In-class_EX06/In-class_EX06_cache/html/unnamed-chunk-5_be1b2502daaf64cfc8701ea16392b501.rdb,0,
1400a2faf53c964834398c490d9d3fb3e20e55a0,DELETE,regular-file,In-class_EX/In-class_EX06/In-class_EX06_cache/html/unnamed-chunk-6_bf072a70b96eff68eb12088d5753dd93.rdb,1604770,
b41f684bef7f25acf4172ba1082d56f4e7331524,DELETE,regular-file,In-class_EX/In-class_EX06/In-class_EX06_cache/html/unnamed-chunk-7_71167ed01fd6e29c0f5993ff088dd9e6.rdb,102995,
38d7f3e6c081547ce1c5c9460bf9627e5107f321,DELETE,regular-file,In-class_EX/In-class_EX06/In-class_EX06_cache/html/unnamed-chunk-8_a2cabf674b46bc982c1b95d27776a1b9.rdb,358,
e69de29bb2d1d6434b8b29ae775ad8c2e48c5391,DELETE,regular-file,In-class_EX/In-class_EX06/In-class_EX06_cache/html/unnamed-chunk-9_649ce39e98fe468a44a204b6a27f149f.rdb,0,
e69de29bb2d1d6434b8b29ae775ad8c2e48c5391,DELETE,regular-file,In-class_EX/In-class_EX07/In-class_EX07_cache/html/unnamed-chunk-10_841f0e829b705010d642b25420813df1.rdb,0,
e69de29bb2d1d6434b8b29ae775ad8c2e48c5391,DELETE,regular-file,In-class_EX/In-class_EX07/In-class_EX07_cache/html/unnamed-chunk-11_588513f1757e6c9c90aad36a82d87be2.rdb,0,
7c32fee832d64f64dbf431dc8076d3dfef0f6935,DELETE,regular-file,In-class_EX/In-class_EX07/In-class_EX07_cache/html/unnamed-chunk-12_af478c4a970129ebee0d0ce0d1d319e4.rdb,11339,
b14058e8686d7163b966ea512d02555ee647d28e,DELETE,regular-file,In-class_EX/In-class_EX07/In-class_EX07_cache/html/unnamed-chunk-13_6d38c0d675988c8d29aecc71cf37f904.rdb,183001,
917599e1679d02839b25a70decc37e090f43159e,DELETE,regular-file,In-class_EX/In-class_EX07/In-class_EX07_cache/html/unnamed-chunk-14_b649e4cc8863c06f5bc2ed452815c191.rdb,648,
e69de29bb2d1d6434b8b29ae775ad8c2e48c5391,DELETE,regular-file,In-class_EX/In-class_EX07/In-class_EX07_cache/html/unnamed-chunk-15_9dbfb758942b21c81d61ac538803e0f6.rdb,0,
60cbc80b52af13870c4691c0bbe1f23715ee9850,DELETE,regular-file,In-class_EX/In-class_EX07/In-class_EX07_cache/html/unnamed-chunk-16_9c59810cff74334b65c5ebb2bc630f12.rdb,194378,
e69de29bb2d1d6434b8b29ae775ad8c2e48c5391,DELETE,regular-file,In-class_EX/In-class_EX07/In-class_EX07_cache/html/unnamed-chunk-17_60a7e1f00afb5aeebc187cd60ecbcc3f.rdb,0,
dc57d9b78a6b7238e6dc0b73a5dbaf8c2e0e5817,DELETE,regular-file,In-class_EX/In-class_EX07/In-class_EX07_cache/html/unnamed-chunk-18_de1b3f3f2006015b6ab23ca883760282.rdb,47,
8c53d1c16e6d8b918d65a0e2fc0135d3089b08fe,DELETE,regular-file,In-class_EX/In-class_EX07/In-class_EX07_cache/html/unnamed-chunk-19_b1762438ccd6418d265cc3f4b24d1d3f.rdb,944717,
e69de29bb2d1d6434b8b29ae775ad8c2e48c5391,DELETE,regular-file,In-class_EX/In-class_EX07/In-class_EX07_cache/html/unnamed-chunk-1_1ae5f70285e537451f7e311944af8c58.rdb,0,
900d09f1f1870315d19af975f62d13e8d454f4b3,DELETE,regular-file,In-class_EX/In-class_EX07/In-class_EX07_cache/html/unnamed-chunk-20_4dd6a2ab61f81dec1fd55bd970750f6c.rdb,944719,
2f94d4f5f600ec5edb1dce05c42599fe0a229f9d,DELETE,regular-file,In-class_EX/In-class_EX07/In-class_EX07_cache/html/unnamed-chunk-21_a7eea6f06084b1662cc75f0671a7ff61.rdb,398692,
23bcdb82dea7985abe0b65b812ccc2b0478395c2,DELETE,regular-file,In-class_EX/In-class_EX07/In-class_EX07_cache/html/unnamed-chunk-22_f876c696c8f18a569056c55de55ac3e3.rdb,592598,
e69de29bb2d1d6434b8b29ae775ad8c2e48c5391,DELETE,regular-file,In-class_EX/In-class_EX07/In-class_EX07_cache/html/unnamed-chunk-23_b1ee87f758897f9d745ce7ed81b27294.rdb,0,
e69de29bb2d1d6434b8b29ae775ad8c2e48c5391,DELETE,regular-file,In-class_EX/In-class_EX07/In-class_EX07_cache/html/unnamed-chunk-24_3d3b89ee7374499ede99cc45211f8fe1.rdb,0,
b6315c4f26f14972e2069268ad0f983d25c2108f,DELETE,regular-file,In-class_EX/In-class_EX07/In-class_EX07_cache/html/unnamed-chunk-2_3f7fadbbc79cd02dfa972776870a78f4.rdb,167145,
51044dcf84843cd9039078b96d2f47e25b8fb796,DELETE,regular-file,In-class_EX/In-class_EX07/In-class_EX07_cache/html/unnamed-chunk-3_4b9167b3e05d8895651fd3386b6d977d.rdb,538466,
92c29622b52c9cdd9e6166ab64a60ce27143e7bf,DELETE,regular-file,In-class_EX/In-class_EX07/In-class_EX07_cache/html/unnamed-chunk-4_caeeb773891c76d8be51e95b17f59a30.rdb,171644,
e69de29bb2d1d6434b8b29ae775ad8c2e48c5391,DELETE,regular-file,In-class_EX/In-class_EX07/In-class_EX07_cache/html/unnamed-chunk-5_959d5898ae37eeb2128fbd38dfde0456.rdb,0,
25ee400798e6b4af668d320236c4f4f8704f5d0b,DELETE,regular-file,In-class_EX/In-class_EX07/In-class_EX07_cache/html/unnamed-chunk-6_4718c8e3ac4f436796ace590cc6acf8c.rdb,375914,
e69de29bb2d1d6434b8b29ae775ad8c2e48c5391,DELETE,regular-file,In-class_EX/In-class_EX07/In-class_EX07_cache/html/unnamed-chunk-7_e683b9b6272a656c3cdbf787eb398ac6.rdb,0,
e69de29bb2d1d6434b8b29ae775ad8c2e48c5391,DELETE,regular-file,In-class_EX/In-class_EX07/In-class_EX07_cache/html/unnamed-chunk-8_eadda188a498673471b0c3bd4d978b41.rdb,0,
335ad6898d265453bce35e2cadb6e8bbef93a9e7,DELETE,regular-file,In-class_EX/In-class_EX07/In-class_EX07_cache/html/unnamed-chunk-9_0ce6ffaf4285c756b7381da15c16c0f9.rdb,4417914,
e69de29bb2d1d6434b8b29ae775ad8c2e48c5391,DELETE,regular-file,Take-home_Ex/Take-home_Ex01/Take-home_Exercise-1_cache/html/unnamed-chunk-10_b73d77b95b1d5e13d6ef9ebc218310ba.rdb,0,
e69de29bb2d1d6434b8b29ae775ad8c2e48c5391,DELETE,regular-file,Take-home_Ex/Take-home_Ex01/Take-home_Exercise-1_cache/html/unnamed-chunk-11_1a761b73f9574ebed2daa13f6926d6ad.rdb,0,
e69de29bb2d1d6434b8b29ae775ad8c2e48c5391,DELETE,regular-file,Take-home_Ex/Take-home_Ex01/Take-home_Exercise-1_cache/html/unnamed-chunk-12_3f1a5e261879583e6d02c590f2a97d30.rdb,0,
e69de29bb2d1d6434b8b29ae775ad8c2e48c5391,DELETE,regular-file,Take-home_Ex/Take-home_Ex01/Take-home_Exercise-1_cache/html/unnamed-chunk-13_a05369fd82109030ed346ca689d743ea.rdb,0,
cdb6fe462d26a0024324b09e0db65501d6c196ee,DELETE,regular-file,Take-home_Ex/Take-home_Ex01/Take-home_Exercise-1_cache/html/unnamed-chunk-14_779c39e0ff24548fcb5ba08b5bf84580.rdb,1618463,
e69de29bb2d1d6434b8b29ae775ad8c2e48c5391,DELETE,regular-file,Take-home_Ex/Take-home_Ex01/Take-home_Exercise-1_cache/html/unnamed-chunk-15_8cb0d31449a0043cf270e47336f2e56e.rdb,0,
e69de29bb2d1d6434b8b29ae775ad8c2e48c5391,DELETE,regular-file,Take-home_Ex/Take-home_Ex01/Take-home_Exercise-1_cache/html/unnamed-chunk-16_90a6ff78ac047596b83517607247ad42.rdb,0,
e69de29bb2d1d6434b8b29ae775ad8c2e48c5391,DELETE,regular-file,Take-home_Ex/Take-home_Ex01/Take-home_Exercise-1_cache/html/unnamed-chunk-17_be101507776e7eec9e75f48469cb6bdd.rdb,0,
f9b240a61be3bfdd57aad20dbf2937cac826e6f2,DELETE,regular-file,Take-home_Ex/Take-home_Ex01/Take-home_Exercise-1_cache/html/unnamed-chunk-18_b3aed7d652bdae4683e72f45635c02e3.rdb,1505174,
e69de29bb2d1d6434b8b29ae775ad8c2e48c5391,DELETE,regular-file,Take-home_Ex/Take-home_Ex01/Take-home_Exercise-1_cache/html/unnamed-chunk-19_1b5157b32e39dc0e0555757e93ca41f5.rdb,0,
e69de29bb2d1d6434b8b29ae775ad8c2e48c5391,DELETE,regular-file,Take-home_Ex/Take-home_Ex01/Take-home_Exercise-1_cache/html/unnamed-chunk-1_d2d014780c7e1f502ee0e86f64d92566.rdb,0,
e69de29bb2d1d6434b8b29ae775ad8c2e48c5391,DELETE,regular-file,Take-home_Ex/Take-home_Ex01/Take-home_Exercise-1_cache/html/unnamed-chunk-20_2efcb0fbb87c7f22ae5a5d6cc606ad8e.rdb,0,
4e0f0ab0459f12cd9977f80564572d48ea07f856,DELETE,regular-file,Take-home_Ex/Take-home_Ex01/Take-home_Exercise-1_cache/html/unnamed-chunk-21_a037a395fc6a064fe0323efcc61f6ec4.rdb,3442694,
e69de29bb2d1d6434b8b29ae775ad8c2e48c5391,DELETE,regular-file,Take-home_Ex/Take-home_Ex01/Take-home_Exercise-1_cache/html/unnamed-chunk-22_2cd052da72f2630319d9d46b08ea5611.rdb,0,
e69de29bb2d1d6434b8b29ae775ad8c2e48c5391,DELETE,regular-file,Take-home_Ex/Take-home_Ex01/Take-home_Exercise-1_cache/html/unnamed-chunk-23_a9dcf7383111053dd814a2c12c817767.rdb,0,
e69de29bb2d1d6434b8b29ae775ad8c2e48c5391,DELETE,regular-file,Take-home_Ex/Take-home_Ex01/Take-home_Exercise-1_cache/html/unnamed-chunk-24_56d7d072afd5cd13a5fc7959ffa6ffd0.rdb,0,
aa5f73d4a7d93d1c0aa86e67830beb9caab214da,DELETE,regular-file,Take-home_Ex/Take-home_Ex01/Take-home_Exercise-1_cache/html/unnamed-chunk-25_cb292e67f072fbcd728c4554b10bf208.rdb,517811,
5385b57192ec55f9d5a515d69099cbf0108868d5,DELETE,regular-file,Take-home_Ex/Take-home_Ex01/Take-home_Exercise-1_cache/html/unnamed-chunk-26_0833c2556264598222f25017baeb36eb.rdb,522938,
e69de29bb2d1d6434b8b29ae775ad8c2e48c5391,DELETE,regular-file,Take-home_Ex/Take-home_Ex01/Take-home_Exercise-1_cache/html/unnamed-chunk-27_db9050e063b5f1c629a1dcfb4b27989c.rdb,0,
3b3b0b2f0c7663f2bfb257642abaa9408f89242c,DELETE,regular-file,Take-home_Ex/Take-home_Ex01/Take-home_Exercise-1_cache/html/unnamed-chunk-28_15b1ee7f32a2f29dd53f032239702bbb.rdb,1085554,
e69de29bb2d1d6434b8b29ae775ad8c2e48c5391,DELETE,regular-file,Take-home_Ex/Take-home_Ex01/Take-home_Exercise-1_cache/html/unnamed-chunk-29_14ed5559da1f6e59fdeb5dd3353fd78c.rdb,0,
e69de29bb2d1d6434b8b29ae775ad8c2e48c5391,DELETE,regular-file,Take-home_Ex/Take-home_Ex01/Take-home_Exercise-1_cache/html/unnamed-chunk-2_f09d3f5f746e7592ad2d238b6da0bde6.rdb,0,
e69de29bb2d1d6434b8b29ae775ad8c2e48c5391,DELETE,regular-file,Take-home_Ex/Take-home_Ex01/Take-home_Exercise-1_cache/html/unnamed-chunk-30_32b12ec82c66d8fcc23a3a7a3668cb89.rdb,0,
e69de29bb2d1d6434b8b29ae775ad8c2e48c5391,DELETE,regular-file,Take-home_Ex/Take-home_Ex01/Take-home_Exercise-1_cache/html/unnamed-chunk-31_5412a47de55eb452e3028b6f0fb88a5f.rdb,0,
e69de29bb2d1d6434b8b29ae775ad8c2e48c5391,DELETE,regular-file,Take-home_Ex/Take-home_Ex01/Take-home_Exercise-1_cache/html/unnamed-chunk-32_b3ff2a8c6b9162045675f75d12c4aa2d.rdb,0,
e69de29bb2d1d6434b8b29ae775ad8c2e48c5391,DELETE,regular-file,Take-home_Ex/Take-home_Ex01/Take-home_Exercise-1_cache/html/unnamed-chunk-33_3ef1efbaa018f2d3f3f95e3968a6f365.rdb,0,
adc37c849be38258ea6318af50c9bc80d974cc16,DELETE,regular-file,Take-home_Ex/Take-home_Ex01/Take-home_Exercise-1_cache/html/unnamed-chunk-34_49d38477f3e4232a036b3182285149bd.rdb,1414885,
e69de29bb2d1d6434b8b29ae775ad8c2e48c5391,DELETE,regular-file,Take-home_Ex/Take-home_Ex01/Take-home_Exercise-1_cache/html/unnamed-chunk-35_24bfe0dbf69cf852de3df7c249ade98c.rdb,0,
e69de29bb2d1d6434b8b29ae775ad8c2e48c5391,DELETE,regular-file,Take-home_Ex/Take-home_Ex01/Take-home_Exercise-1_cache/html/unnamed-chunk-36_e0e892a4e34b9e95cd2ef8e7a5389a94.rdb,0,
e69de29bb2d1d6434b8b29ae775ad8c2e48c5391,DELETE,regular-file,Take-home_Ex/Take-home_Ex01/Take-home_Exercise-1_cache/html/unnamed-chunk-37_5f48edda4f7f1b1507c432922621a81d.rdb,0,
e69de29bb2d1d6434b8b29ae775ad8c2e48c5391,DELETE,regular-file,Take-home_Ex/Take-home_Ex01/Take-home_Exercise-1_cache/html/unnamed-chunk-38_3ddb268864d9e37700c270c9669dc087.rdb,0,
41f0193ca734342117429c5de5c6014edb3c9b37,DELETE,regular-file,Take-home_Ex/Take-home_Ex01/Take-home_Exercise-1_cache/html/unnamed-chunk-39_afdb4ecac2b952dd063994d59bee8f2e.rdb,405065,
e69de29bb2d1d6434b8b29ae775ad8c2e48c5391,DELETE,regular-file,Take-home_Ex/Take-home_Ex01/Take-home_Exercise-1_cache/html/unnamed-chunk-3_0203fb4e8b4b247f68319924c8fbe7a9.rdb,0,
e69de29bb2d1d6434b8b29ae775ad8c2e48c5391,DELETE,regular-file,Take-home_Ex/Take-home_Ex01/Take-home_Exercise-1_cache/html/unnamed-chunk-40_cc8ce972f07a1c0656475e8bef4affce.rdb,0,
e69de29bb2d1d6434b8b29ae775ad8c2e48c5391,DELETE,regular-file,Take-home_Ex/Take-home_Ex01/Take-home_Exercise-1_cache/html/unnamed-chunk-41_bde9c24f717cde43a67d482acdff7ee6.rdb,0,
e69de29bb2d1d6434b8b29ae775ad8c2e48c5391,DELETE,regular-file,Take-home_Ex/Take-home_Ex01/Take-home_Exercise-1_cache/html/unnamed-chunk-42_60895156ccea9df022e709eb8f1c650a.rdb,0,
e69de29bb2d1d6434b8b29ae775ad8c2e48c5391,DELETE,regular-file,Take-home_Ex/Take-home_Ex01/Take-home_Exercise-1_cache/html/unnamed-chunk-43_66144621a94559d6aaa8f3e557350f2f.rdb,0,
94448a9dd4ede303a97e5432cdf72dc07297f0d8,DELETE,regular-file,Take-home_Ex/Take-home_Ex01/Take-home_Exercise-1_cache/html/unnamed-chunk-44_1ebde5035665a3e4cceb543841f1cdd1.rdb,524185,
e69de29bb2d1d6434b8b29ae775ad8c2e48c5391,DELETE,regular-file,Take-home_Ex/Take-home_Ex01/Take-home_Exercise-1_cache/html/unnamed-chunk-45_bd02ef7c47d5cc2f4df836a0e5bdf768.rdb,0,
6998dbd5b65f347376c361776c920f70d17bb0c5,DELETE,regular-file,Take-home_Ex/Take-home_Ex01/Take-home_Exercise-1_cache/html/unnamed-chunk-46_71a7f4bd76691c8067731a35b0961451.rdb,2194147,
92ca2359d4f6bba5ee410f1621d5ef6097c310fb,DELETE,regular-file,Take-home_Ex/Take-home_Ex01/Take-home_Exercise-1_cache/html/unnamed-chunk-47_348d0dbed738074e084bf6b13af697c2.rdb,7557322,
e69de29bb2d1d6434b8b29ae775ad8c2e48c5391,DELETE,regular-file,Take-home_Ex/Take-home_Ex01/Take-home_Exercise-1_cache/html/unnamed-chunk-48_6bc4b39e4c441b262351f4b9ef12693e.rdb,0,
e69de29bb2d1d6434b8b29ae775ad8c2e48c5391,DELETE,regular-file,Take-home_Ex/Take-home_Ex01/Take-home_Exercise-1_cache/html/unnamed-chunk-49_3dc9b16c2cfec28fa7e4a90d2ad7a7f0.rdb,0,
e69de29bb2d1d6434b8b29ae775ad8c2e48c5391,DELETE,regular-file,Take-home_Ex/Take-home_Ex01/Take-home_Exercise-1_cache/html/unnamed-chunk-4_9d07880dbf9940ea587c4ecdfc9d767d.rdb,0,
e69de29bb2d1d6434b8b29ae775ad8c2e48c5391,DELETE,regular-file,Take-home_Ex/Take-home_Ex01/Take-home_Exercise-1_cache/html/unnamed-chunk-50_54f1ebe2dd1c8bcc9e8c676bd5a3548c.rdb,0,
e69de29bb2d1d6434b8b29ae775ad8c2e48c5391,DELETE,regular-file,Take-home_Ex/Take-home_Ex01/Take-home_Exercise-1_cache/html/unnamed-chunk-51_03cce21aa39e2ea06ab784fac6d9905f.rdb,0,
e69de29bb2d1d6434b8b29ae775ad8c2e48c5391,DELETE,regular-file,Take-home_Ex/Take-home_Ex01/Take-home_Exercise-1_cache/html/unnamed-chunk-52_af5e27de37e20b51824db9e8549b3fa4.rdb,0,
eea5481d1dc917229ec827bb9a5e06fa634d77e2,DELETE,regular-file,Take-home_Ex/Take-home_Ex01/Take-home_Exercise-1_cache/html/unnamed-chunk-53_80887783c52ed8736d7147b79049fd77.rdb,1324934,
e69de29bb2d1d6434b8b29ae775ad8c2e48c5391,DELETE,regular-file,Take-home_Ex/Take-home_Ex01/Take-home_Exercise-1_cache/html/unnamed-chunk-54_af9387ca2bba973491dcb7946d9a1c39.rdb,0,
0dba2afbadcd8c781e19997beb5de5d996a9093b,DELETE,regular-file,Take-home_Ex/Take-home_Ex01/Take-home_Exercise-1_cache/html/unnamed-chunk-55_e7bc48585cfa813a9fb2cb4cfba31cc4.rdb,885406,
e69de29bb2d1d6434b8b29ae775ad8c2e48c5391,DELETE,regular-file,Take-home_Ex/Take-home_Ex01/Take-home_Exercise-1_cache/html/unnamed-chunk-56_de12713515a89eb93c716c5b5ee0b5b1.rdb,0,
e69de29bb2d1d6434b8b29ae775ad8c2e48c5391,DELETE,regular-file,Take-home_Ex/Take-home_Ex01/Take-home_Exercise-1_cache/html/unnamed-chunk-57_3a790820a7443a6c4f8cc0c5366f2573.rdb,0,
4fc352a3d5e6b21745eef0b1a5b4724c00423c79,DELETE,regular-file,Take-home_Ex/Take-home_Ex01/Take-home_Exercise-1_cache/html/unnamed-chunk-58_d0a9cfde820bb9c5afd8d5645a8f6516.rdb,411296,
e69de29bb2d1d6434b8b29ae775ad8c2e48c5391,DELETE,regular-file,Take-home_Ex/Take-home_Ex01/Take-home_Exercise-1_cache/html/unnamed-chunk-59_540a0f726b0c3b2938e359108acee926.rdb,0,
e69de29bb2d1d6434b8b29ae775ad8c2e48c5391,DELETE,regular-file,Take-home_Ex/Take-home_Ex01/Take-home_Exercise-1_cache/html/unnamed-chunk-5_959395b882595e3c203a42d1068b2cda.rdb,0,
e69de29bb2d1d6434b8b29ae775ad8c2e48c5391,DELETE,regular-file,Take-home_Ex/Take-home_Ex01/Take-home_Exercise-1_cache/html/unnamed-chunk-60_1a8d7432c9a5a1e4995dbe25ab2ddd53.rdb,0,
e69de29bb2d1d6434b8b29ae775ad8c2e48c5391,DELETE,regular-file,Take-home_Ex/Take-home_Ex01/Take-home_Exercise-1_cache/html/unnamed-chunk-61_e6a044403a9e3792f1cc3f46a0b2f332.rdb,0,
e69de29bb2d1d6434b8b29ae775ad8c2e48c5391,DELETE,regular-file,Take-home_Ex/Take-home_Ex01/Take-home_Exercise-1_cache/html/unnamed-chunk-62_15c67a626c7a4d68a139c8af8b5db25e.rdb,0,
e69de29bb2d1d6434b8b29ae775ad8c2e48c5391,DELETE,regular-file,Take-home_Ex/Take-home_Ex01/Take-home_Exercise-1_cache/html/unnamed-chunk-63_8b4fb41bb690f12ae7760fa2d49e0649.rdb,0,
e69de29bb2d1d6434b8b29ae775ad8c2e48c5391,DELETE,regular-file,Take-home_Ex/Take-home_Ex01/Take-home_Exercise-1_cache/html/unnamed-chunk-64_3b8941c7ba1e816412b4ea5112ff6d5e.rdb,0,
73787b2a121ec2ac82b369f6664413cc76e6bbd8,DELETE,regular-file,Take-home_Ex/Take-home_Ex01/Take-home_Exercise-1_cache/html/unnamed-chunk-65_95efa87ac079166fcd6f3eb3bc59e1c7.rdb,1933001,
e69de29bb2d1d6434b8b29ae775ad8c2e48c5391,DELETE,regular-file,Take-home_Ex/Take-home_Ex01/Take-home_Exercise-1_cache/html/unnamed-chunk-66_42ee556f9f19270c4bd24aeb3f41c569.rdb,0,
e69de29bb2d1d6434b8b29ae775ad8c2e48c5391,DELETE,regular-file,Take-home_Ex/Take-home_Ex01/Take-home_Exercise-1_cache/html/unnamed-chunk-67_91ed9ff989bdef56c981c2ae0b6d6572.rdb,0,
e69de29bb2d1d6434b8b29ae775ad8c2e48c5391,DELETE,regular-file,Take-home_Ex/Take-home_Ex01/Take-home_Exercise-1_cache/html/unnamed-chunk-68_228493c93001e8af1f2dc4da4f8bdcff.rdb,0,
e69de29bb2d1d6434b8b29ae775ad8c2e48c5391,DELETE,regular-file,Take-home_Ex/Take-home_Ex01/Take-home_Exercise-1_cache/html/unnamed-chunk-69_9372ce1ad3f235caf3c6eed8ec4308ac.rdb,0,
e69de29bb2d1d6434b8b29ae775ad8c2e48c5391,DELETE,regular-file,Take-home_Ex/Take-home_Ex01/Take-home_Exercise-1_cache/html/unnamed-chunk-6_088f6bd33a04d15f472c97f7e933081f.rdb,0,
e69de29bb2d1d6434b8b29ae775ad8c2e48c5391,DELETE,regular-file,Take-home_Ex/Take-home_Ex01/Take-home_Exercise-1_cache/html/unnamed-chunk-70_03c2ab0873b0d7a97208bde59e42f401.rdb,0,
e69de29bb2d1d6434b8b29ae775ad8c2e48c5391,DELETE,regular-file,Take-home_Ex/Take-home_Ex01/Take-home_Exercise-1_cache/html/unnamed-chunk-71_5f56df0363bb90cd584f2c5f8a2e7ae8.rdb,0,
e69de29bb2d1d6434b8b29ae775ad8c2e48c5391,DELETE,regular-file,Take-home_Ex/Take-home_Ex01/Take-home_Exercise-1_cache/html/unnamed-chunk-72_c8d994644e049b4804a81e7ba7fd71b2.rdb,0,
e69de29bb2d1d6434b8b29ae775ad8c2e48c5391,DELETE,regular-file,Take-home_Ex/Take-home_Ex01/Take-home_Exercise-1_cache/html/unnamed-chunk-73_d8492c6330d9bc793f9c5856968b6d51.rdb,0,
e69de29bb2d1d6434b8b29ae775ad8c2e48c5391,DELETE,regular-file,Take-home_Ex/Take-home_Ex01/Take-home_Exercise-1_cache/html/unnamed-chunk-74_f33a5fc5962286978eb0e3840b71273a.rdb,0,
ef78413c21f33b7a9bf538078d77c4f909c11c0e,DELETE,regular-file,Take-home_Ex/Take-home_Ex01/Take-home_Exercise-1_cache/html/unnamed-chunk-75_0c27cf663f4682ce550e4797227fa0ee.rdb,46771,
256958632b83fe6e15a84e97fc02a87d6cbf58ae,DELETE,regular-file,Take-home_Ex/Take-home_Ex01/Take-home_Exercise-1_cache/html/unnamed-chunk-76_78324ee4cc09d301b78e14ea450f92d8.rdb,1264744,
348828e8d377cd7827a6ca44ee954e2d0ae3f444,DELETE,regular-file,Take-home_Ex/Take-home_Ex01/Take-home_Exercise-1_cache/html/unnamed-chunk-77_6f9d277ee52defc73dc084f630409875.rdb,245130,
e69de29bb2d1d6434b8b29ae775ad8c2e48c5391,DELETE,regular-file,Take-home_Ex/Take-home_Ex01/Take-home_Exercise-1_cache/html/unnamed-chunk-78_4759ac35fd2ef7f9b045a5791c7e2424.rdb,0,
80ae69dca8de6bfd94c84c6a01b0e122c8ce91e5,DELETE,regular-file,Take-home_Ex/Take-home_Ex01/Take-home_Exercise-1_cache/html/unnamed-chunk-79_5beedb87cac33b4728955676f5b4c262.rdb,253557,
e69de29bb2d1d6434b8b29ae775ad8c2e48c5391,DELETE,regular-file,Take-home_Ex/Take-home_Ex01/Take-home_Exercise-1_cache/html/unnamed-chunk-7_c7692aeaab595e5d820c10cab8794aa9.rdb,0,
917599e1679d02839b25a70decc37e090f43159e,DELETE,regular-file,Take-home_Ex/Take-home_Ex01/Take-home_Exercise-1_cache/html/unnamed-chunk-80_a97dab0ad39ae5b3e11eb92466a0a2b2.rdb,648,
917599e1679d02839b25a70decc37e090f43159e,DELETE,regular-file,Take-home_Ex/Take-home_Ex01/Take-home_Exercise-1_cache/html/unnamed-chunk-81_02e8db6f57cef368205cc3e2d966c2e0.rdb,648,
e69de29bb2d1d6434b8b29ae775ad8c2e48c5391,DELETE,regular-file,Take-home_Ex/Take-home_Ex01/Take-home_Exercise-1_cache/html/unnamed-chunk-82_1904e54b983a43d25232fee8571d93d4.rdb,0,
917599e1679d02839b25a70decc37e090f43159e,DELETE,regular-file,Take-home_Ex/Take-home_Ex01/Take-home_Exercise-1_cache/html/unnamed-chunk-83_84563a4a9c085f09355051fc9c2a737e.rdb,648,
118912bdc7491b86b7533fdea0c0d1fe3003dcf1,DELETE,regular-file,Take-home_Ex/Take-home_Ex01/Take-home_Exercise-1_cache/html/unnamed-chunk-84_2090374a013dfde904f42690b2b30ce5.rdb,86870,
d01507824a9dfaeb957c82384ff4273eedb3f370,DELETE,regular-file,Take-home_Ex/Take-home_Ex01/Take-home_Exercise-1_cache/html/unnamed-chunk-85_71c649297ef10089fb13593178233066.rdb,91420,
5a20cca3352c8a96744685f2aede7d84e6ca0e92,DELETE,regular-file,Take-home_Ex/Take-home_Ex01/Take-home_Exercise-1_cache/html/unnamed-chunk-86_dd2c354b108aac5b0d26336d6a29a4fa.rdb,1022061,
e69de29bb2d1d6434b8b29ae775ad8c2e48c5391,DELETE,regular-file,Take-home_Ex/Take-home_Ex01/Take-home_Exercise-1_cache/html/unnamed-chunk-87_b045ceefb2c99e6a80dee32900c5e56f.rdb,0,
3bf6d92a72ece6482e81d42c0dde8524e6ac9192,DELETE,regular-file,Take-home_Ex/Take-home_Ex01/Take-home_Exercise-1_cache/html/unnamed-chunk-88_ed32c5643c374b848a3594dc935d88f6.rdb,520185,
5432120fc6a5d42c188b188a78bf6928b9b2aa7e,DELETE,regular-file,Take-home_Ex/Take-home_Ex01/Take-home_Exercise-1_cache/html/unnamed-chunk-89_d31a8ee2a28a5161fc9c6590da4ea1d5.rdb,521906,
e69de29bb2d1d6434b8b29ae775ad8c2e48c5391,DELETE,regular-file,Take-home_Ex/Take-home_Ex01/Take-home_Exercise-1_cache/html/unnamed-chunk-8_fb3a0e049f67fb155afacfee113e22d1.rdb,0,
d87f24a00e365ccb7de48c5d203b5e6da02d7103,DELETE,regular-file,Take-home_Ex/Take-home_Ex01/Take-home_Exercise-1_cache/html/unnamed-chunk-90_c45d19daf56a75be8c9e9e616898dbc8.rdb,1771227,
b778e29bc67e2c9ea4c38f35a463d5efe797a37c,DELETE,regular-file,Take-home_Ex/Take-home_Ex01/Take-home_Exercise-1_cache/html/unnamed-chunk-91_8d27900801fa1a0b016bc5671cf7fbf4.rdb,1353861,
b8f0a2128ac09eaf20bf6e70a783d5eef19e95fe,DELETE,regular-file,Take-home_Ex/Take-home_Ex01/Take-home_Exercise-1_cache/html/unnamed-chunk-92_569c6482737cf7e23f0a5b5db5f4228f.rdb,1354877,
1e8c8666f1301084d80862ab1021d20cf4a41368,DELETE,regular-file,Take-home_Ex/Take-home_Ex01/Take-home_Exercise-1_cache/html/unnamed-chunk-9_bc6eb81f9788e620103c5dbea078d4f1.rdb,503815,
e69de29bb2d1d6434b8b29ae775ad8c2e48c5391,DELETE,regular-file,Take-home_Ex/Take-home_Ex01/Take-home_Exercise_1_cache/html/unnamed-chunk-10_ae5e1d03918064ca7564f06718b95243.rdb,0,
e69de29bb2d1d6434b8b29ae775ad8c2e48c5391,DELETE,regular-file,Take-home_Ex/Take-home_Ex01/Take-home_Exercise_1_cache/html/unnamed-chunk-11_d615892d5fd0abf50a72d709c0d6ee02.rdb,0,
e69de29bb2d1d6434b8b29ae775ad8c2e48c5391,DELETE,regular-file,Take-home_Ex/Take-home_Ex01/Take-home_Exercise_1_cache/html/unnamed-chunk-12_adc5cc46b5d3d29a8a0c962af9c5062d.rdb,0,
e69de29bb2d1d6434b8b29ae775ad8c2e48c5391,DELETE,regular-file,Take-home_Ex/Take-home_Ex01/Take-home_Exercise_1_cache/html/unnamed-chunk-13_4b3604ebe72894b00d1fff8595d345c2.rdb,0,
cdb6fe462d26a0024324b09e0db65501d6c196ee,DELETE,regular-file,Take-home_Ex/Take-home_Ex01/Take-home_Exercise_1_cache/html/unnamed-chunk-14_9b47c167a2f33e117fca03c32ffa7b7a.rdb,1618463,
e69de29bb2d1d6434b8b29ae775ad8c2e48c5391,DELETE,regular-file,Take-home_Ex/Take-home_Ex01/Take-home_Exercise_1_cache/html/unnamed-chunk-15_d571bc1f9e29b722bb94e00f131e53db.rdb,0,
e69de29bb2d1d6434b8b29ae775ad8c2e48c5391,DELETE,regular-file,Take-home_Ex/Take-home_Ex01/Take-home_Exercise_1_cache/html/unnamed-chunk-16_5886ffe6c4e872a5af9d94a54e33636e.rdb,0,
e69de29bb2d1d6434b8b29ae775ad8c2e48c5391,DELETE,regular-file,Take-home_Ex/Take-home_Ex01/Take-home_Exercise_1_cache/html/unnamed-chunk-17_b7be83fc035fb496e739133e44244fa4.rdb,0,
f9b240a61be3bfdd57aad20dbf2937cac826e6f2,DELETE,regular-file,Take-home_Ex/Take-home_Ex01/Take-home_Exercise_1_cache/html/unnamed-chunk-18_6baaa6f4afc44b8fc74fbbe089fdcc32.rdb,1505174,
e69de29bb2d1d6434b8b29ae775ad8c2e48c5391,DELETE,regular-file,Take-home_Ex/Take-home_Ex01/Take-home_Exercise_1_cache/html/unnamed-chunk-19_1d328f495daa1a6ac98a881c58bf3015.rdb,0,
e69de29bb2d1d6434b8b29ae775ad8c2e48c5391,DELETE,regular-file,Take-home_Ex/Take-home_Ex01/Take-home_Exercise_1_cache/html/unnamed-chunk-1_544021b5ad50c2e5ea897790682233e1.rdb,0,
e69de29bb2d1d6434b8b29ae775ad8c2e48c5391,DELETE,regular-file,Take-home_Ex/Take-home_Ex01/Take-home_Exercise_1_cache/html/unnamed-chunk-20_b8aceb544a189b33ab356361cc5bab4e.rdb,0,
4e0f0ab0459f12cd9977f80564572d48ea07f856,DELETE,regular-file,Take-home_Ex/Take-home_Ex01/Take-home_Exercise_1_cache/html/unnamed-chunk-21_a65e96607eda1459864f6ddd558a6310.rdb,3442694,
e69de29bb2d1d6434b8b29ae775ad8c2e48c5391,DELETE,regular-file,Take-home_Ex/Take-home_Ex01/Take-home_Exercise_1_cache/html/unnamed-chunk-22_c40d21f5596976547bfa8a4a0b53f00b.rdb,0,
e69de29bb2d1d6434b8b29ae775ad8c2e48c5391,DELETE,regular-file,Take-home_Ex/Take-home_Ex01/Take-home_Exercise_1_cache/html/unnamed-chunk-23_074be65905f985ea9392a9bfbb93a71a.rdb,0,
e69de29bb2d1d6434b8b29ae775ad8c2e48c5391,DELETE,regular-file,Take-home_Ex/Take-home_Ex01/Take-home_Exercise_1_cache/html/unnamed-chunk-24_28a7b10b54f2c9c3ea6c718392d5d5dc.rdb,0,
4c952408b60fa3f5e47e4788d3e4048a8eb947ee,DELETE,regular-file,Take-home_Ex/Take-home_Ex01/Take-home_Exercise_1_cache/html/unnamed-chunk-25_f1bef4a122c769e578a8de608e6b1c36.rdb,567509,
c23f969e04b5ec128195cc30ca3cd05e64feb83b,DELETE,regular-file,Take-home_Ex/Take-home_Ex01/Take-home_Exercise_1_cache/html/unnamed-chunk-26_d28fdf447911b6498347e5043247c6dd.rdb,572450,
e69de29bb2d1d6434b8b29ae775ad8c2e48c5391,DELETE,regular-file,Take-home_Ex/Take-home_Ex01/Take-home_Exercise_1_cache/html/unnamed-chunk-27_1d2045091f42515f8f81b19615c7c36a.rdb,0,
3b3b0b2f0c7663f2bfb257642abaa9408f89242c,DELETE,regular-file,Take-home_Ex/Take-home_Ex01/Take-home_Exercise_1_cache/html/unnamed-chunk-28_f63fef2de12be8b5caf353d386b1e23e.rdb,1085554,
e69de29bb2d1d6434b8b29ae775ad8c2e48c5391,DELETE,regular-file,Take-home_Ex/Take-home_Ex01/Take-home_Exercise_1_cache/html/unnamed-chunk-29_5927a2c75aee7fa23e646756fc8981fa.rdb,0,
e69de29bb2d1d6434b8b29ae775ad8c2e48c5391,DELETE,regular-file,Take-home_Ex/Take-home_Ex01/Take-home_Exercise_1_cache/html/unnamed-chunk-2_04e1d2869872c9f5a433e3fa0e6c0339.rdb,0,
e69de29bb2d1d6434b8b29ae775ad8c2e48c5391,DELETE,regular-file,Take-home_Ex/Take-home_Ex01/Take-home_Exercise_1_cache/html/unnamed-chunk-30_72af936aebc85dd68146d49340dcd820.rdb,0,
e69de29bb2d1d6434b8b29ae775ad8c2e48c5391,DELETE,regular-file,Take-home_Ex/Take-home_Ex01/Take-home_Exercise_1_cache/html/unnamed-chunk-31_67bc69ee48580280c28b715fe0d632d3.rdb,0,
e69de29bb2d1d6434b8b29ae775ad8c2e48c5391,DELETE,regular-file,Take-home_Ex/Take-home_Ex01/Take-home_Exercise_1_cache/html/unnamed-chunk-32_23b6139be6cd7938dce947b4c1e6c362.rdb,0,
e69de29bb2d1d6434b8b29ae775ad8c2e48c5391,DELETE,regular-file,Take-home_Ex/Take-home_Ex01/Take-home_Exercise_1_cache/html/unnamed-chunk-33_9fed6b9bdf42e5d58474e7bce8a9fb9a.rdb,0,
adc37c849be38258ea6318af50c9bc80d974cc16,DELETE,regular-file,Take-home_Ex/Take-home_Ex01/Take-home_Exercise_1_cache/html/unnamed-chunk-34_3cc95dbf0ac9fe5b9a7936d92dae8fe5.rdb,1414885,
e69de29bb2d1d6434b8b29ae775ad8c2e48c5391,DELETE,regular-file,Take-home_Ex/Take-home_Ex01/Take-home_Exercise_1_cache/html/unnamed-chunk-35_76bd3ea5ebc27a8363748ee1cf383cd3.rdb,0,
e69de29bb2d1d6434b8b29ae775ad8c2e48c5391,DELETE,regular-file,Take-home_Ex/Take-home_Ex01/Take-home_Exercise_1_cache/html/unnamed-chunk-36_f0e91fb747a1d0be6b19fd556b3a4cbd.rdb,0,
e69de29bb2d1d6434b8b29ae775ad8c2e48c5391,DELETE,regular-file,Take-home_Ex/Take-home_Ex01/Take-home_Exercise_1_cache/html/unnamed-chunk-37_af99f1493b60c41fb7ee61f0e4dd2682.rdb,0,
e69de29bb2d1d6434b8b29ae775ad8c2e48c5391,DELETE,regular-file,Take-home_Ex/Take-home_Ex01/Take-home_Exercise_1_cache/html/unnamed-chunk-38_67bff7ab762cce2f60fdebeecb3a09e0.rdb,0,
41f0193ca734342117429c5de5c6014edb3c9b37,DELETE,regular-file,Take-home_Ex/Take-home_Ex01/Take-home_Exercise_1_cache/html/unnamed-chunk-39_3301604d2a154a0189287edc888ca705.rdb,405065,
e69de29bb2d1d6434b8b29ae775ad8c2e48c5391,DELETE,regular-file,Take-home_Ex/Take-home_Ex01/Take-home_Exercise_1_cache/html/unnamed-chunk-3_0c28701d6486a80e3ab3a33594de4837.rdb,0,
e69de29bb2d1d6434b8b29ae775ad8c2e48c5391,DELETE,regular-file,Take-home_Ex/Take-home_Ex01/Take-home_Exercise_1_cache/html/unnamed-chunk-40_98348b8737c385c1b37954f61950340d.rdb,0,
e69de29bb2d1d6434b8b29ae775ad8c2e48c5391,DELETE,regular-file,Take-home_Ex/Take-home_Ex01/Take-home_Exercise_1_cache/html/unnamed-chunk-41_a570bdb11a53f6cafab67073b833f7c3.rdb,0,
e69de29bb2d1d6434b8b29ae775ad8c2e48c5391,DELETE,regular-file,Take-home_Ex/Take-home_Ex01/Take-home_Exercise_1_cache/html/unnamed-chunk-42_92cc2259090e26bd1d53b2a573eb0f83.rdb,0,
e69de29bb2d1d6434b8b29ae775ad8c2e48c5391,DELETE,regular-file,Take-home_Ex/Take-home_Ex01/Take-home_Exercise_1_cache/html/unnamed-chunk-43_fb1568c1c360214749fae685a3e47788.rdb,0,
0f6a2eebcb92d83a58b2ca728e94a4d58385d44e,DELETE,regular-file,Take-home_Ex/Take-home_Ex01/Take-home_Exercise_1_cache/html/unnamed-chunk-44_18abaf17ef08a9fe3d3c49606562d5bc.rdb,573681,
e69de29bb2d1d6434b8b29ae775ad8c2e48c5391,DELETE,regular-file,Take-home_Ex/Take-home_Ex01/Take-home_Exercise_1_cache/html/unnamed-chunk-45_21e1127056ade3e08fc2c88ff1b99fa1.rdb,0,
3d1586850e7ad8f5d72233d2a4448d0b965a4aca,DELETE,regular-file,Take-home_Ex/Take-home_Ex01/Take-home_Exercise_1_cache/html/unnamed-chunk-46_4d90221926f2ed9cc0f2abe2c96683c0.rdb,15126542,
92ca2359d4f6bba5ee410f1621d5ef6097c310fb,DELETE,regular-file,Take-home_Ex/Take-home_Ex01/Take-home_Exercise_1_cache/html/unnamed-chunk-47_03f97ebc0a7639e55887a59c6201e42a.rdb,7557322,
e69de29bb2d1d6434b8b29ae775ad8c2e48c5391,DELETE,regular-file,Take-home_Ex/Take-home_Ex01/Take-home_Exercise_1_cache/html/unnamed-chunk-48_1479fb474d6af73e9d12d40048dc91db.rdb,0,
e69de29bb2d1d6434b8b29ae775ad8c2e48c5391,DELETE,regular-file,Take-home_Ex/Take-home_Ex01/Take-home_Exercise_1_cache/html/unnamed-chunk-49_22a700b8af89a785785576150b666c60.rdb,0,
e69de29bb2d1d6434b8b29ae775ad8c2e48c5391,DELETE,regular-file,Take-home_Ex/Take-home_Ex01/Take-home_Exercise_1_cache/html/unnamed-chunk-4_21813f943d3e0ddaf5011dcbf6151641.rdb,0,
e69de29bb2d1d6434b8b29ae775ad8c2e48c5391,DELETE,regular-file,Take-home_Ex/Take-home_Ex01/Take-home_Exercise_1_cache/html/unnamed-chunk-50_a9f9296b7f892acd5a37d832b68b52ff.rdb,0,
e69de29bb2d1d6434b8b29ae775ad8c2e48c5391,DELETE,regular-file,Take-home_Ex/Take-home_Ex01/Take-home_Exercise_1_cache/html/unnamed-chunk-51_f0984ca76c847023961772886e589edf.rdb,0,
e69de29bb2d1d6434b8b29ae775ad8c2e48c5391,DELETE,regular-file,Take-home_Ex/Take-home_Ex01/Take-home_Exercise_1_cache/html/unnamed-chunk-52_14133e3c76e71f36ecf0a3b880b0bcba.rdb,0,
eea5481d1dc917229ec827bb9a5e06fa634d77e2,DELETE,regular-file,Take-home_Ex/Take-home_Ex01/Take-home_Exercise_1_cache/html/unnamed-chunk-53_fd3017b56b0d52c03bfd862141e23688.rdb,1324934,
e69de29bb2d1d6434b8b29ae775ad8c2e48c5391,DELETE,regular-file,Take-home_Ex/Take-home_Ex01/Take-home_Exercise_1_cache/html/unnamed-chunk-54_094070829cd9d529b0bbc38ace98fd92.rdb,0,
0dba2afbadcd8c781e19997beb5de5d996a9093b,DELETE,regular-file,Take-home_Ex/Take-home_Ex01/Take-home_Exercise_1_cache/html/unnamed-chunk-55_709a6032cbf98242ba6b53c8c9046ea3.rdb,885406,
e69de29bb2d1d6434b8b29ae775ad8c2e48c5391,DELETE,regular-file,Take-home_Ex/Take-home_Ex01/Take-home_Exercise_1_cache/html/unnamed-chunk-56_4a6a4e3f923e20023766a719750ee10e.rdb,0,
e69de29bb2d1d6434b8b29ae775ad8c2e48c5391,DELETE,regular-file,Take-home_Ex/Take-home_Ex01/Take-home_Exercise_1_cache/html/unnamed-chunk-57_31d639e58564b5a1e8a7a6035d6260b6.rdb,0,
4fc352a3d5e6b21745eef0b1a5b4724c00423c79,DELETE,regular-file,Take-home_Ex/Take-home_Ex01/Take-home_Exercise_1_cache/html/unnamed-chunk-58_675e48f878aa55353d5c4f009cd90f7d.rdb,411296,
e69de29bb2d1d6434b8b29ae775ad8c2e48c5391,DELETE,regular-file,Take-home_Ex/Take-home_Ex01/Take-home_Exercise_1_cache/html/unnamed-chunk-59_1d0d2a096cec810e10c2617591510288.rdb,0,
e69de29bb2d1d6434b8b29ae775ad8c2e48c5391,DELETE,regular-file,Take-home_Ex/Take-home_Ex01/Take-home_Exercise_1_cache/html/unnamed-chunk-5_aab5c92c9e84a5f7bfa321dfedb4572e.rdb,0,
e69de29bb2d1d6434b8b29ae775ad8c2e48c5391,DELETE,regular-file,Take-home_Ex/Take-home_Ex01/Take-home_Exercise_1_cache/html/unnamed-chunk-60_40ea658116834b249a09afff3634bcd8.rdb,0,
e69de29bb2d1d6434b8b29ae775ad8c2e48c5391,DELETE,regular-file,Take-home_Ex/Take-home_Ex01/Take-home_Exercise_1_cache/html/unnamed-chunk-61_45a6da626f96fb19e037ae1ec8d565ba.rdb,0,
e69de29bb2d1d6434b8b29ae775ad8c2e48c5391,DELETE,regular-file,Take-home_Ex/Take-home_Ex01/Take-home_Exercise_1_cache/html/unnamed-chunk-62_d1352226fb6ec9fee1fa9c7a362c25a2.rdb,0,
e69de29bb2d1d6434b8b29ae775ad8c2e48c5391,DELETE,regular-file,Take-home_Ex/Take-home_Ex01/Take-home_Exercise_1_cache/html/unnamed-chunk-63_7935c6234ff08f5b4d8cabc097aae31f.rdb,0,
e69de29bb2d1d6434b8b29ae775ad8c2e48c5391,DELETE,regular-file,Take-home_Ex/Take-home_Ex01/Take-home_Exercise_1_cache/html/unnamed-chunk-64_751b4abc835821badf8337e3a1387a52.rdb,0,
73787b2a121ec2ac82b369f6664413cc76e6bbd8,DELETE,regular-file,Take-home_Ex/Take-home_Ex01/Take-home_Exercise_1_cache/html/unnamed-chunk-65_df3ad2244f0047e3f57d9af57dd7db72.rdb,1933001,
e69de29bb2d1d6434b8b29ae775ad8c2e48c5391,DELETE,regular-file,Take-home_Ex/Take-home_Ex01/Take-home_Exercise_1_cache/html/unnamed-chunk-66_e0690ff3622ee8197e30b59697c35476.rdb,0,
e69de29bb2d1d6434b8b29ae775ad8c2e48c5391,DELETE,regular-file,Take-home_Ex/Take-home_Ex01/Take-home_Exercise_1_cache/html/unnamed-chunk-67_9628010dd22113d7c54646af08bc73fb.rdb,0,
e69de29bb2d1d6434b8b29ae775ad8c2e48c5391,DELETE,regular-file,Take-home_Ex/Take-home_Ex01/Take-home_Exercise_1_cache/html/unnamed-chunk-68_76ab1e880ce6a09670092556f5a5910a.rdb,0,
e69de29bb2d1d6434b8b29ae775ad8c2e48c5391,DELETE,regular-file,Take-home_Ex/Take-home_Ex01/Take-home_Exercise_1_cache/html/unnamed-chunk-69_c508aa25711ee58de802335c9f5bc80e.rdb,0,
e69de29bb2d1d6434b8b29ae775ad8c2e48c5391,DELETE,regular-file,Take-home_Ex/Take-home_Ex01/Take-home_Exercise_1_cache/html/unnamed-chunk-6_6ec6c9b1017933b21b8b8dbc2575108a.rdb,0,
e69de29bb2d1d6434b8b29ae775ad8c2e48c5391,DELETE,regular-file,Take-home_Ex/Take-home_Ex01/Take-home_Exercise_1_cache/html/unnamed-chunk-70_d410c995a735c037202ce19f6bae2bfd.rdb,0,
e69de29bb2d1d6434b8b29ae775ad8c2e48c5391,DELETE,regular-file,Take-home_Ex/Take-home_Ex01/Take-home_Exercise_1_cache/html/unnamed-chunk-71_e6db79d5e71f74aba75c5e40cdca665a.rdb,0,
e69de29bb2d1d6434b8b29ae775ad8c2e48c5391,DELETE,regular-file,Take-home_Ex/Take-home_Ex01/Take-home_Exercise_1_cache/html/unnamed-chunk-72_283db842623fddd191c5425eefa333e6.rdb,0,
e69de29bb2d1d6434b8b29ae775ad8c2e48c5391,DELETE,regular-file,Take-home_Ex/Take-home_Ex01/Take-home_Exercise_1_cache/html/unnamed-chunk-73_95693bfc49a8a83050e2ed4151bb3099.rdb,0,
e69de29bb2d1d6434b8b29ae775ad8c2e48c5391,DELETE,regular-file,Take-home_Ex/Take-home_Ex01/Take-home_Exercise_1_cache/html/unnamed-chunk-74_b4e510f8089462af9aa1c0d5efc81311.rdb,0,
ef78413c21f33b7a9bf538078d77c4f909c11c0e,DELETE,regular-file,Take-home_Ex/Take-home_Ex01/Take-home_Exercise_1_cache/html/unnamed-chunk-75_598eda1a22dc2adf4ca3308cd224cc61.rdb,46771,
256958632b83fe6e15a84e97fc02a87d6cbf58ae,DELETE,regular-file,Take-home_Ex/Take-home_Ex01/Take-home_Exercise_1_cache/html/unnamed-chunk-76_88da99a2002120dc5d71e7c0a8ef113c.rdb,1264744,
348828e8d377cd7827a6ca44ee954e2d0ae3f444,DELETE,regular-file,Take-home_Ex/Take-home_Ex01/Take-home_Exercise_1_cache/html/unnamed-chunk-77_74e03874a72d33f6e2b5548220613728.rdb,245130,
e69de29bb2d1d6434b8b29ae775ad8c2e48c5391,DELETE,regular-file,Take-home_Ex/Take-home_Ex01/Take-home_Exercise_1_cache/html/unnamed-chunk-78_5c643b76c4579f370793d1586423063d.rdb,0,
80ae69dca8de6bfd94c84c6a01b0e122c8ce91e5,DELETE,regular-file,Take-home_Ex/Take-home_Ex01/Take-home_Exercise_1_cache/html/unnamed-chunk-79_df7264529e1c9de7025972cdddd5c6f5.rdb,253557,
e69de29bb2d1d6434b8b29ae775ad8c2e48c5391,DELETE,regular-file,Take-home_Ex/Take-home_Ex01/Take-home_Exercise_1_cache/html/unnamed-chunk-7_051f105e3813f74b4da0b676af601b71.rdb,0,
e69de29bb2d1d6434b8b29ae775ad8c2e48c5391,DELETE,regular-file,Take-home_Ex/Take-home_Ex01/Take-home_Exercise_1_cache/html/unnamed-chunk-80_6bbcae69f79ef8d9e71af7fdd77aa8af.rdb,0,
e69de29bb2d1d6434b8b29ae775ad8c2e48c5391,DELETE,regular-file,Take-home_Ex/Take-home_Ex01/Take-home_Exercise_1_cache/html/unnamed-chunk-81_4c6231732f70c414f26a42ecf3ff1fa9.rdb,0,
e69de29bb2d1d6434b8b29ae775ad8c2e48c5391,DELETE,regular-file,Take-home_Ex/Take-home_Ex01/Take-home_Exercise_1_cache/html/unnamed-chunk-82_c0567f6efbcb4694446c110477f8a001.rdb,0,
e69de29bb2d1d6434b8b29ae775ad8c2e48c5391,DELETE,regular-file,Take-home_Ex/Take-home_Ex01/Take-home_Exercise_1_cache/html/unnamed-chunk-83_993dd1eb59da6cae8fce9f104d63428b.rdb,0,
118912bdc7491b86b7533fdea0c0d1fe3003dcf1,DELETE,regular-file,Take-home_Ex/Take-home_Ex01/Take-home_Exercise_1_cache/html/unnamed-chunk-84_481c3132ec34bc1e4bb69a4a4612303a.rdb,86870,
d01507824a9dfaeb957c82384ff4273eedb3f370,DELETE,regular-file,Take-home_Ex/Take-home_Ex01/Take-home_Exercise_1_cache/html/unnamed-chunk-85_3faf7232356b15003b7d65ff2faba326.rdb,91420,
b7b6d033ed914eaabab1b19bec432fdd931cb9d4,DELETE,regular-file,Take-home_Ex/Take-home_Ex01/Take-home_Exercise_1_cache/html/unnamed-chunk-86_4dc26795d03de2eb28ae47e97824980e.rdb,546785,
c5698680fbe7a3c1088cbf256090a85e0320f4a4,DELETE,regular-file,Take-home_Ex/Take-home_Ex01/Take-home_Exercise_1_cache/html/unnamed-chunk-87_e6535c82a4bd15339d8efc2becc15720.rdb,184465,
17d463ccbd913ac01eb53b0c55ea8b737705406f,DELETE,regular-file,Take-home_Ex/Take-home_Ex01/Take-home_Exercise_1_cache/html/unnamed-chunk-88_e245f65e53791e3d7c4155ca715f3105.rdb,1137239,
5a20cca3352c8a96744685f2aede7d84e6ca0e92,DELETE,regular-file,Take-home_Ex/Take-home_Ex01/Take-home_Exercise_1_cache/html/unnamed-chunk-89_2bd8e52462c3052b13923c8a47df09dc.rdb,1022061,
e69de29bb2d1d6434b8b29ae775ad8c2e48c5391,DELETE,regular-file,Take-home_Ex/Take-home_Ex01/Take-home_Exercise_1_cache/html/unnamed-chunk-8_4e7679921e3af1bc322389bd8a052cd7.rdb,0,
e69de29bb2d1d6434b8b29ae775ad8c2e48c5391,DELETE,regular-file,Take-home_Ex/Take-home_Ex01/Take-home_Exercise_1_cache/html/unnamed-chunk-90_a39c4a19f63b665b58d0d9d1d90e4f41.rdb,0,
3bf6d92a72ece6482e81d42c0dde8524e6ac9192,DELETE,regular-file,Take-home_Ex/Take-home_Ex01/Take-home_Exercise_1_cache/html/unnamed-chunk-91_d61eb35414c220c9724551de978ec496.rdb,520185,
5432120fc6a5d42c188b188a78bf6928b9b2aa7e,DELETE,regular-file,Take-home_Ex/Take-home_Ex01/Take-home_Exercise_1_cache/html/unnamed-chunk-92_ee419a9289899c923fbd09052feacfdd.rdb,521906,
d87f24a00e365ccb7de48c5d203b5e6da02d7103,DELETE,regular-file,Take-home_Ex/Take-home_Ex01/Take-home_Exercise_1_cache/html/unnamed-chunk-93_b10a5d1e4527993f501d3cfb964b37bb.rdb,1771227,
b778e29bc67e2c9ea4c38f35a463d5efe797a37c,DELETE,regular-file,Take-home_Ex/Take-home_Ex01/Take-home_Exercise_1_cache/html/unnamed-chunk-94_86d674d8c1c36aa531be1fd11e663037.rdb,1353861,
1e8c8666f1301084d80862ab1021d20cf4a41368,DELETE,regular-file,Take-home_Ex/Take-home_Ex01/Take-home_Exercise_1_cache/html/unnamed-chunk-9_fd1b232be71b87237cb15f7add5595a6.rdb,503815,
e69de29bb2d1d6434b8b29ae775ad8c2e48c5391,DELETE,regular-file,Take-home_Ex/Take-home_Ex02/Take-home_Ex02_cache/html/unnamed-chunk-10_a39671748e6c2f6e166970fb7c2546cb.rdb,0,
e69de29bb2d1d6434b8b29ae775ad8c2e48c5391,DELETE,regular-file,Take-home_Ex/Take-home_Ex02/Take-home_Ex02_cache/html/unnamed-chunk-11_92de9c43d1f6162e1c2978dabb0099b6.rdb,0,
2b46b7cd48abc2fc4ee0d2d1304f962ad3f6c937,DELETE,regular-file,Take-home_Ex/Take-home_Ex02/Take-home_Ex02_cache/html/unnamed-chunk-12_15878034045a6979892c87e40878d6b5.rdb,109448,
8a9319bf9f21eca851c91d35a021912738e808d3,DELETE,regular-file,Take-home_Ex/Take-home_Ex02/Take-home_Ex02_cache/html/unnamed-chunk-13_c26d419582361c9f961398dd642bda96.rdb,109445,
e69de29bb2d1d6434b8b29ae775ad8c2e48c5391,DELETE,regular-file,Take-home_Ex/Take-home_Ex02/Take-home_Ex02_cache/html/unnamed-chunk-14_20525c6e9510cde89ef8e9937738f5cf.rdb,0,
e69de29bb2d1d6434b8b29ae775ad8c2e48c5391,DELETE,regular-file,Take-home_Ex/Take-home_Ex02/Take-home_Ex02_cache/html/unnamed-chunk-15_13e8c08ef79f1f5b650c967ec57f6e71.rdb,0,
e69de29bb2d1d6434b8b29ae775ad8c2e48c5391,DELETE,regular-file,Take-home_Ex/Take-home_Ex02/Take-home_Ex02_cache/html/unnamed-chunk-17_01de43288a7ec379bfd3a86212eea9fd.rdb,0,
e69de29bb2d1d6434b8b29ae775ad8c2e48c5391,DELETE,regular-file,Take-home_Ex/Take-home_Ex02/Take-home_Ex02_cache/html/unnamed-chunk-18_05efa891696fe297bd2c2e4e5647500d.rdb,0,
eb7339fc716efb3fcab1d0cbea922a8e9462966a,DELETE,regular-file,Take-home_Ex/Take-home_Ex02/Take-home_Ex02_cache/html/unnamed-chunk-19_0cd5a047d677f417c98a8604b3b5197a.rdb,162078,
e69de29bb2d1d6434b8b29ae775ad8c2e48c5391,DELETE,regular-file,Take-home_Ex/Take-home_Ex02/Take-home_Ex02_cache/html/unnamed-chunk-1_03bc8fe021fc34d3757a313dce1ab6cf.rdb,0,
e69de29bb2d1d6434b8b29ae775ad8c2e48c5391,DELETE,regular-file,Take-home_Ex/Take-home_Ex02/Take-home_Ex02_cache/html/unnamed-chunk-20_2130260c7914c41be6eb7c0f730026ef.rdb,0,
a954f412182ea5d5256ec697ee5d2c041fc5e8ba,DELETE,regular-file,Take-home_Ex/Take-home_Ex02/Take-home_Ex02_cache/html/unnamed-chunk-21_ac935653ce8567a64e7db7712fbdf735.rdb,95467,
3aefb68dcba0aad10f4c5f4db85aebedfdc75996,DELETE,regular-file,Take-home_Ex/Take-home_Ex02/Take-home_Ex02_cache/html/unnamed-chunk-22_5605b82f104291aab1e9ded09ebdec07.rdb,8106,
0eb947c1f9e4d33896fb7ac3fbc69f933980f89e,DELETE,regular-file,Take-home_Ex/Take-home_Ex02/Take-home_Ex02_cache/html/unnamed-chunk-23_0ad7ec21dcd47aa3a1b95a89635e745c.rdb,23861,
e69de29bb2d1d6434b8b29ae775ad8c2e48c5391,DELETE,regular-file,Take-home_Ex/Take-home_Ex02/Take-home_Ex02_cache/html/unnamed-chunk-24_d1c7177986bfe0b523df3b709c361499.rdb,0,
e69de29bb2d1d6434b8b29ae775ad8c2e48c5391,DELETE,regular-file,Take-home_Ex/Take-home_Ex02/Take-home_Ex02_cache/html/unnamed-chunk-25_16cb6861a6b354ca79190d6e0df27627.rdb,0,
e69de29bb2d1d6434b8b29ae775ad8c2e48c5391,DELETE,regular-file,Take-home_Ex/Take-home_Ex02/Take-home_Ex02_cache/html/unnamed-chunk-26_b7ba6404c062be97a16f3916835d1c15.rdb,0,
f919b6309362f2711894e7968dab9bc5fb6cf1bb,DELETE,regular-file,Take-home_Ex/Take-home_Ex02/Take-home_Ex02_cache/html/unnamed-chunk-27_a39383cc4694184a1d8227aa0742fd19.rdb,133,
8cf9808f755fa9dab51d07ada08fd9042bdd9f72,DELETE,regular-file,Take-home_Ex/Take-home_Ex02/Take-home_Ex02_cache/html/unnamed-chunk-28_4ebb74d3402debd33e207e36ad00c854.rdb,56079380,
4477e62b8833a17b039433fe4169025ce7fa0248,DELETE,regular-file,Take-home_Ex/Take-home_Ex02/Take-home_Ex02_cache/html/unnamed-chunk-29_dae45b7f75487ffe6349769ef2a67449.rdb,58716,
314eda6c79bfd20d3318c92c80f356cd52421f43,DELETE,regular-file,Take-home_Ex/Take-home_Ex02/Take-home_Ex02_cache/html/unnamed-chunk-2_ce26bd77fcb2be89b33c3dfc4dc0f615.rdb,142951,
06c2d07cc9c07db92b594b79b3df8c886100dd10,DELETE,regular-file,Take-home_Ex/Take-home_Ex02/Take-home_Ex02_cache/html/unnamed-chunk-30_1ab0ff426432f81af91bdf51cd92b0b5.rdb,7217,
cc096ee640c4d9c964d051308761b14bb5c39a6b,DELETE,regular-file,Take-home_Ex/Take-home_Ex02/Take-home_Ex02_cache/html/unnamed-chunk-31_35e2ec5395b06b5a9c3014fe343a078d.rdb,56043014,
e69de29bb2d1d6434b8b29ae775ad8c2e48c5391,DELETE,regular-file,Take-home_Ex/Take-home_Ex02/Take-home_Ex02_cache/html/unnamed-chunk-33_3c89ce388524bd77385731936e454fd7.rdb,0,
e69de29bb2d1d6434b8b29ae775ad8c2e48c5391,DELETE,regular-file,Take-home_Ex/Take-home_Ex02/Take-home_Ex02_cache/html/unnamed-chunk-34_a30cfdeddde6c6175ea40130f5891b22.rdb,0,
a535876b069dce36dd202bb3dcdb9f674f51b576,DELETE,regular-file,Take-home_Ex/Take-home_Ex02/Take-home_Ex02_cache/html/unnamed-chunk-35_41532e21d515151281ea79aea8c893ab.rdb,691,
b2d75a6596de7d7734d323a5e19228f5e2e747a6,DELETE,regular-file,Take-home_Ex/Take-home_Ex02/Take-home_Ex02_cache/html/unnamed-chunk-36_3235e476633c894da93f409999008b3f.rdb,1299,
25d77af82833d0250468b4c87c1fcfed8d336887,DELETE,regular-file,Take-home_Ex/Take-home_Ex02/Take-home_Ex02_cache/html/unnamed-chunk-37_ec74dbe5bc92e890f30cbc2560d0d813.rdb,2056,
e69de29bb2d1d6434b8b29ae775ad8c2e48c5391,DELETE,regular-file,Take-home_Ex/Take-home_Ex02/Take-home_Ex02_cache/html/unnamed-chunk-38_64733daeda3d5134165a0e40a98d218d.rdb,0,
e69de29bb2d1d6434b8b29ae775ad8c2e48c5391,DELETE,regular-file,Take-home_Ex/Take-home_Ex02/Take-home_Ex02_cache/html/unnamed-chunk-39_54db918a339e5695dc1ad2fe6863ab7f.rdb,0,
d30aa3be7d4338021babf30a81fc518ec4f252ec,DELETE,regular-file,Take-home_Ex/Take-home_Ex02/Take-home_Ex02_cache/html/unnamed-chunk-3_91cb33ea35139f0f4890fc84ef28c285.rdb,26796508,
e69de29bb2d1d6434b8b29ae775ad8c2e48c5391,DELETE,regular-file,Take-home_Ex/Take-home_Ex02/Take-home_Ex02_cache/html/unnamed-chunk-40_aa33e251b3c4b0081a76641471402fd8.rdb,0,
5fa5d749e090aad34ca913699f455e520154c71b,DELETE,regular-file,Take-home_Ex/Take-home_Ex02/Take-home_Ex02_cache/html/unnamed-chunk-41_fcddc46af22be4a624cb4e87dfdada60.rdb,46369,
3361d0526e12c231f78f7f8cbce16678ec712189,DELETE,regular-file,Take-home_Ex/Take-home_Ex02/Take-home_Ex02_cache/html/unnamed-chunk-44_66d0c1b4b308416295e44aa342863e5b.rdb,53596363,
e4bde6ddc2b39b58ab4706c5fcc68d1fb261be7f,DELETE,regular-file,Take-home_Ex/Take-home_Ex02/Take-home_Ex02_cache/html/unnamed-chunk-47_bf126d957702703b95f0745ec5d291e7.rdb,53604077,
f1571a891359d56df7482bae7a8490ad4ff2d362,DELETE,regular-file,Take-home_Ex/Take-home_Ex02/Take-home_Ex02_cache/html/unnamed-chunk-4_a73108b8f3c3aeda4fb6fa65d76e1853.rdb,142895,
9de993759f932d044a6cb2bd7648a2869fc87e92,DELETE,regular-file,Take-home_Ex/Take-home_Ex02/Take-home_Ex02_cache/html/unnamed-chunk-50_e194de3e38093ee8dfee3ab575a57a8c.rdb,53619653,
6254571ea1db170bf295a81ab779fe7cc0a81f8d,DELETE,regular-file,Take-home_Ex/Take-home_Ex02/Take-home_Ex02_cache/html/unnamed-chunk-51_ddf51ac978bb8f7e5cd4af4093e4a572.rdb,5327,
18d9a00a74a3f8b92267ab96a80d4888d3b9d759,DELETE,regular-file,Take-home_Ex/Take-home_Ex02/Take-home_Ex02_cache/html/unnamed-chunk-52_f45cd21397d4d3c652e49e425c2a9b48.rdb,53597793,
e69de29bb2d1d6434b8b29ae775ad8c2e48c5391,DELETE,regular-file,Take-home_Ex/Take-home_Ex02/Take-home_Ex02_cache/html/unnamed-chunk-5_c0e81c47b17405bde84a6c5d9c5ef490.rdb,0,
e69de29bb2d1d6434b8b29ae775ad8c2e48c5391,DELETE,regular-file,Take-home_Ex/Take-home_Ex02/Take-home_Ex02_cache/html/unnamed-chunk-6_9ae365631a7082dbe408a8c76712d925.rdb,0,
e69de29bb2d1d6434b8b29ae775ad8c2e48c5391,DELETE,regular-file,Take-home_Ex/Take-home_Ex02/Take-home_Ex02_cache/html/unnamed-chunk-7_566e104a7c5a6eedfa04744c816f25dc.rdb,0,
b89f38b789d0da80b0d024981045fc26c13e5915,DELETE,regular-file,Take-home_Ex/Take-home_Ex02/Take-home_Ex02_cache/html/unnamed-chunk-8_2fbb4e8c3f5728485444c02baec2c381.rdb,146424,
e69de29bb2d1d6434b8b29ae775ad8c2e48c5391,DELETE,regular-file,Take-home_Ex/Take-home_Ex02/Take-home_Ex02_cache/html/unnamed-chunk-9_714a4d26fc38a83aab69771b0dbfc495.rdb,0,
4d428a713e9a1dd96d3971f652926c37f76352fe,DELETE,regular-file,Take-home_Ex/Take-home_Ex03/Take-home_Ex03_cache/html/unnamed-chunk-10_b476bb0e6789242a5556d0d0ac87e837.rdb,747308,
917599e1679d02839b25a70decc37e090f43159e,DELETE,regular-file,Take-home_Ex/Take-home_Ex03/Take-home_Ex03_cache/html/unnamed-chunk-11_aaff54bbff6edcb75fe59ae365c49a3a.rdb,648,
668b5355ff81cd01ba0c6e45424b34aecd9568e7,DELETE,regular-file,Take-home_Ex/Take-home_Ex03/Take-home_Ex03_cache/html/unnamed-chunk-12_28b06506081116cce858399cf4f55b0c.rdb,135585,
917599e1679d02839b25a70decc37e090f43159e,DELETE,regular-file,Take-home_Ex/Take-home_Ex03/Take-home_Ex03_cache/html/unnamed-chunk-13_5f4902d78bdf32c3398fca1648942fd9.rdb,648,
e69de29bb2d1d6434b8b29ae775ad8c2e48c5391,DELETE,regular-file,Take-home_Ex/Take-home_Ex03/Take-home_Ex03_cache/html/unnamed-chunk-14_7cf482803f08567ec0bde9a52bb8c66c.rdb,0,
e69de29bb2d1d6434b8b29ae775ad8c2e48c5391,DELETE,regular-file,Take-home_Ex/Take-home_Ex03/Take-home_Ex03_cache/html/unnamed-chunk-15_3b269b92eef2d4fe033c5586c28f70a0.rdb,0,
44de42a1121ea99be4a55840b95151bf52cb011a,DELETE,regular-file,Take-home_Ex/Take-home_Ex03/Take-home_Ex03_cache/html/unnamed-chunk-16_d3d44ca010697725c5d4831952f6c854.rdb,138195,
4a717e3ded5c01a0b722d3156b9a911f643323bd,DELETE,regular-file,Take-home_Ex/Take-home_Ex03/Take-home_Ex03_cache/html/unnamed-chunk-17_b2cb4b23d1bb444ba7ab81db9928008c.rdb,96,
917599e1679d02839b25a70decc37e090f43159e,DELETE,regular-file,Take-home_Ex/Take-home_Ex03/Take-home_Ex03_cache/html/unnamed-chunk-18_058a55f2c2f74d762eaf0d339ae604a2.rdb,648,
6092fb5a273345d3501b08124e45f4a2ae59965a,DELETE,regular-file,Take-home_Ex/Take-home_Ex03/Take-home_Ex03_cache/html/unnamed-chunk-19_62261b02ce6a2f0300767df8e22b629c.rdb,766208,
e69de29bb2d1d6434b8b29ae775ad8c2e48c5391,DELETE,regular-file,Take-home_Ex/Take-home_Ex03/Take-home_Ex03_cache/html/unnamed-chunk-1_2fb95e5982ab7ad1f6beca601860d955.rdb,0,
279f4231530e121469a37566c6cc0057e872950b,DELETE,regular-file,Take-home_Ex/Take-home_Ex03/Take-home_Ex03_cache/html/unnamed-chunk-20_6f8bf6468465193c49a17bce2bcfb510.rdb,327,
e69de29bb2d1d6434b8b29ae775ad8c2e48c5391,DELETE,regular-file,Take-home_Ex/Take-home_Ex03/Take-home_Ex03_cache/html/unnamed-chunk-21_e585af377ccc86973885a69fc3f34d91.rdb,0,
fe6d6286da2d432e1dbe79119bc982cd9cdc44df,DELETE,regular-file,Take-home_Ex/Take-home_Ex03/Take-home_Ex03_cache/html/unnamed-chunk-22_502a21d0d2a38ebc1c05e920229d3614.rdb,13749,
e42aaaba40b691d5929fb0cffbb08ed603fdf1d9,DELETE,regular-file,Take-home_Ex/Take-home_Ex03/Take-home_Ex03_cache/html/unnamed-chunk-23_3b305a5a8d2b1945dfecadc19f35a85c.rdb,138865,
a3bbab8e7e07e45b7c0beaa313a4ee08680a9512,DELETE,regular-file,Take-home_Ex/Take-home_Ex03/Take-home_Ex03_cache/html/unnamed-chunk-24_ea994989619c1ab9058b64993ea3501f.rdb,165671,
275b67ee4b0140c6f0b6761a0d28111c7a9ad73d,DELETE,regular-file,Take-home_Ex/Take-home_Ex03/Take-home_Ex03_cache/html/unnamed-chunk-25_def9f0fcfb0d14a460bc8bbdbc55751a.rdb,488279,
2cd1c8851d3e0ef657ad34215a53b7532d574e5e,DELETE,regular-file,Take-home_Ex/Take-home_Ex03/Take-home_Ex03_cache/html/unnamed-chunk-26_50674f473e3d5c88bbc35ebb0ab07bf0.rdb,329661,
bfe75a699c4360632bc92d2760d0c5e44f89f75e,DELETE,regular-file,Take-home_Ex/Take-home_Ex03/Take-home_Ex03_cache/html/unnamed-chunk-27_a217d6505df2dbc4ebabff10cceddea0.rdb,294926,
333a00788af1710e3a5fc39d4b26cbf8a2df60a3,DELETE,regular-file,Take-home_Ex/Take-home_Ex03/Take-home_Ex03_cache/html/unnamed-chunk-28_89f8067d8a60909e7bef91ae7756af32.rdb,1763,
5d431f87e9c6072157a579cfab5131c39438ee18,DELETE,regular-file,Take-home_Ex/Take-home_Ex03/Take-home_Ex03_cache/html/unnamed-chunk-29_3dc1c8ddf1f549829283d02fd1d4855b.rdb,309921,
4ec4a60453ea7cb4df7ab18d41ef869fd1f78760,DELETE,regular-file,Take-home_Ex/Take-home_Ex03/Take-home_Ex03_cache/html/unnamed-chunk-30_61691013cd218baf7a394d324c4b669c.rdb,504985,
174abdd0f8f53372785a11155358c3a8c25816ff,DELETE,regular-file,Take-home_Ex/Take-home_Ex03/Take-home_Ex03_cache/html/unnamed-chunk-31_34dccabd10b297c020d04102a03d300f.rdb,2929,
917599e1679d02839b25a70decc37e090f43159e,DELETE,regular-file,Take-home_Ex/Take-home_Ex03/Take-home_Ex03_cache/html/unnamed-chunk-32_9e3dc5981384ff07f27a1b868e4a6505.rdb,648,
ef9a1c5ee8f1ea99482b42779c0a5cf04b100371,DELETE,regular-file,Take-home_Ex/Take-home_Ex03/Take-home_Ex03_cache/html/unnamed-chunk-33_e710fd15ce84dee2ffed6b8992508d2b.rdb,173518,
ef9a1c5ee8f1ea99482b42779c0a5cf04b100371,DELETE,regular-file,Take-home_Ex/Take-home_Ex03/Take-home_Ex03_cache/html/unnamed-chunk-34_7a562294d3f315f9d74ca7a47eb208d3.rdb,173518,
4f56c63bf1ce83060ee0bb5205dd72f3945c26da,DELETE,regular-file,Take-home_Ex/Take-home_Ex03/Take-home_Ex03_cache/html/unnamed-chunk-35_074d9b59cf244294e69e5b634ffe50fe.rdb,68779858,
437368a7907e1c7e1e75a4c1f5dd9a4b3936330f,DELETE,regular-file,Take-home_Ex/Take-home_Ex03/Take-home_Ex03_cache/html/unnamed-chunk-36_78f2d3a3e3591cc146e54cefd0198ab8.rdb,1129996,
e69de29bb2d1d6434b8b29ae775ad8c2e48c5391,DELETE,regular-file,Take-home_Ex/Take-home_Ex03/Take-home_Ex03_cache/html/unnamed-chunk-37_c420c4570935ee02a1df57e5c79829d2.rdb,0,
e488a39a85124262e3452980488388daf959ef77,DELETE,regular-file,Take-home_Ex/Take-home_Ex03/Take-home_Ex03_cache/html/unnamed-chunk-38_59dc2f64d34204ce80636921eca0786c.rdb,51334,
3a7bebbd24bfb2b27e7f853f4405d35af8d838ba,DELETE,regular-file,Take-home_Ex/Take-home_Ex03/Take-home_Ex03_cache/html/unnamed-chunk-39_52bd52d843af1ca81266ae4541a0cb54.rdb,73676,
68d85da0f33c9f405a6fc70b6ad77356c828df71,DELETE,regular-file,Take-home_Ex/Take-home_Ex03/Take-home_Ex03_cache/html/unnamed-chunk-40_213e1d2c24baf71738c7a9045bdeeb2c.rdb,173522,
b5b9c5c99dfb5617588d2c1a0808bfa5f532c126,DELETE,regular-file,Take-home_Ex/Take-home_Ex03/Take-home_Ex03_cache/html/unnamed-chunk-41_c8ec60d5cacb35c48e607001c8a692bd.rdb,146797,
b52070f59997960795ac0f1eba385d1a90204808,DELETE,regular-file,Take-home_Ex/Take-home_Ex03/Take-home_Ex03_cache/html/unnamed-chunk-42_a8dccc36cbe2f0dc758320b12503f0d2.rdb,164180,
fccbc4e02d88eaba236833fb77ef3bd897142975,DELETE,regular-file,Take-home_Ex/Take-home_Ex03/Take-home_Ex03_cache/html/unnamed-chunk-43_f075d2354ac331b952f6c182583a9c32.rdb,1453,
40f4b5f9fd53c7a372d8ff911e3cd6371c028aac,DELETE,regular-file,Take-home_Ex/Take-home_Ex03/Take-home_Ex03_cache/html/unnamed-chunk-44_822cb907cf0eb772ff2256c45aa08c56.rdb,170196,
80321c435de15248366ee2699d43df0bf489cd82,DELETE,regular-file,Take-home_Ex/Take-home_Ex03/Take-home_Ex03_cache/html/unnamed-chunk-45_1b60e00e86437b5afefacb9ab1438aa7.rdb,48093,
4eee001c10457212be82126e10637b5068e9fa59,DELETE,regular-file,Take-home_Ex/Take-home_Ex03/Take-home_Ex03_cache/html/unnamed-chunk-46_57042e68412001b13a53e12d2f298305.rdb,148547,
868a6d5c0f9e2d81057e388e50a53911ada42841,DELETE,regular-file,Take-home_Ex/Take-home_Ex03/Take-home_Ex03_cache/html/unnamed-chunk-47_a9fda7a51504f354405801a4a086fc88.rdb,48204,
796c77889dddd42725a5e1375a7eb9322ea7188e,DELETE,regular-file,Take-home_Ex/Take-home_Ex03/Take-home_Ex03_cache/html/unnamed-chunk-48_011d704d6fd6cd777f9c55c431199e23.rdb,94759,
a30441906fcc846d8cd7a5a6f5e89eb41cc67dde,DELETE,regular-file,Take-home_Ex/Take-home_Ex03/Take-home_Ex03_cache/html/unnamed-chunk-49_078995b0824e537d282eb1a56173df52.rdb,346539,
917599e1679d02839b25a70decc37e090f43159e,DELETE,regular-file,Take-home_Ex/Take-home_Ex03/Take-home_Ex03_cache/html/unnamed-chunk-50_5a27199599135d1c817709088b5cba91.rdb,648,
b3d072fd0a77990a64909994fa423a2c8aa2f043,DELETE,regular-file,Take-home_Ex/Take-home_Ex03/Take-home_Ex03_cache/html/unnamed-chunk-51_ca34136e4c30303620a3bd5c12ca5b01.rdb,48213,
1d5722f39f1c820f470a1d6897ceaf99d1de8901,DELETE,regular-file,Take-home_Ex/Take-home_Ex03/Take-home_Ex03_cache/html/unnamed-chunk-52_1574c6613bdb3e9538871be8ac40aa32.rdb,104304,
9ae835d634eae27d56d1a2c938328225086326f3,DELETE,regular-file,Take-home_Ex/Take-home_Ex03/Take-home_Ex03_cache/html/unnamed-chunk-53_e6c9da9c92155ec960c3b56c25a234d8.rdb,15965572,
6686d87d65e39467ebf228b0ad4346ec6affa0b6,DELETE,regular-file,Take-home_Ex/Take-home_Ex03/Take-home_Ex03_cache/html/unnamed-chunk-54_279a5221d9d14f0951fab019fb8b105f.rdb,71,
65561101e4f9109e6af2dc133caa3c14d8e86eb4,DELETE,regular-file,Take-home_Ex/Take-home_Ex03/Take-home_Ex03_cache/html/unnamed-chunk-6_8ba472980047fe9b0a5c7f1328cc1d29.rdb,895430,
e69de29bb2d1d6434b8b29ae775ad8c2e48c5391,DELETE,regular-file,Take-home_Ex/Take-home_Ex03/Take-home_Ex03_cache/html/unnamed-chunk-7_bd6252e053fc16d7e2ac42af5a87509c.rdb,0,
7a6cf530d35c7df6b690963b5bf548fc74ced61a,DELETE,regular-file,Take-home_Ex/Take-home_Ex03/Take-home_Ex03_cache/html/unnamed-chunk-8_f8d72d265e469954fc0c143dd8ff29e5.rdb,738973,
917599e1679d02839b25a70decc37e090f43159e,DELETE,regular-file,Take-home_Ex/Take-home_Ex03/Take-home_Ex03_cache/html/unnamed-chunk-9_d9b9d8bf0711ef546f9d0857245a19a3.rdb,648,